,Fe,Co,Ni,V,Mo,Cr,Cu,Mn,C,W,Ta,Nb,Al,Ti,Si,Ms,Hc,Tc,ER,TS,YS,Elong,HV,Cost
0,100,0,0,0,0,0,0,0,0,0,0,0,0,0,0,2.23,,724,8.56,,,,,0.42
1,99,1,0,0,0,0,0,0,0,0,0,0,0,0,0,2.24,,739,11.9,,,,,0.77
2,98,2,0,0,0,0,0,0,0,0,0,0,0,0,0,2.25,,753,14.13,,,,,1.11
3,97,3,0,0,0,0,0,0,0,0,0,0,0,0,0,2.26,,767,15.94,,,,,1.45
4,96,4,0,0,0,0,0,0,0,0,0,0,0,0,0,2.27,,780,17.64,,,,,1.79
5,95,5,0,0,0,0,0,0,0,0,0,0,0,0,0,2.28,,793,18.7,,,,,2.13
6,94,6,0,0,0,0,0,0,0,0,0,0,0,0,0,2.29,,805,19.72,,,,,2.47
7,93,7,0,0,0,0,0,0,0,0,0,0,0,0,0,2.3,,817,20.53,,,,,2.81
8,92,8,0,0,0,0,0,0,0,0,0,0,0,0,0,2.31,,828,21.21,,,,,3.15
9,91,9,0,0,0,0,0,0,0,0,0,0,0,0,0,2.32,,839,21.96,,,,,3.48
10,90,10,0,0,0,0,0,0,0,0,0,0,0,0,0,2.33,,849,22.64,,,,,3.82
11,89,11,0,0,0,0,0,0,0,0,0,0,0,0,0,2.34,,859,23.2,,,,,4.16
12,88,12,0,0,0,0,0,0,0,0,0,0,0,0,0,2.35,,868,23.82,,,,,4.5
13,87,13,0,0,0,0,0,0,0,0,0,0,0,0,0,2.36,,877,24.33,,,,,4.83
14,86,14,0,0,0,0,0,0,0,0,0,0,0,0,0,2.37,,885,24.68,,,,,5.17
15,85,15,0,0,0,0,0,0,0,0,0,0,0,0,0,2.38,,893,24.87,,,,,5.51
16,84,16,0,0,0,0,0,0,0,0,0,0,0,0,0,2.39,,901,24.91,,,,,5.84
17,83,17,0,0,0,0,0,0,0,0,0,0,0,0,0,2.4,,908,24.81,,,,,6.18
18,82,18,0,0,0,0,0,0,0,0,0,0,0,0,0,2.41,,914,24.64,,,,,6.51
19,81,19,0,0,0,0,0,0,0,0,0,0,0,0,0,2.41,,921,24.33,,,,,6.85
20,80,20,0,0,0,0,0,0,0,0,0,0,0,0,0,2.42,,927,23.89,,,,,7.18
21,79,21,0,0,0,0,0,0,0,0,0,0,0,0,0,2.43,,932,23.41,,,,,7.52
22,78,22,0,0,0,0,0,0,0,0,0,0,0,0,0,2.43,,937,22.76,,,,,7.85
23,77,23,0,0,0,0,0,0,0,0,0,0,0,0,0,2.44,,942,22.06,,,,,8.18
24,76,24,0,0,0,0,0,0,0,0,0,0,0,0,0,2.45,,947,21.34,,,,,8.52
25,75,25,0,0,0,0,0,0,0,0,0,0,0,0,0,2.45,,951,20.53,,,,,8.85
26,74,26,0,0,0,0,0,0,0,0,0,0,0,0,0,2.46,,954,19.59,,,,,9.18
27,73,27,0,0,0,0,0,0,0,0,0,0,0,0,0,2.46,,958,18.67,,,,,9.51
28,72,28,0,0,0,0,0,0,0,0,0,0,0,0,0,2.46,,961,17.82,,,,,9.84
29,71,29,0,0,0,0,0,0,0,0,0,0,0,0,0,2.47,,963,16.85,,,,,10.18
30,70,30,0,0,0,0,0,0,0,0,0,0,0,0,0,2.47,,966,15.94,,,,,10.51
31,69,31,0,0,0,0,0,0,0,0,0,0,0,0,0,2.47,,968,15.04,,,,,10.84
32,68,32,0,0,0,0,0,0,0,0,0,0,0,0,0,2.47,,970,14.04,,,,,11.17
33,67,33,0,0,0,0,0,0,0,0,0,0,0,0,0,2.47,,971,13.24,,,,,11.5
34,66,34,0,0,0,0,0,0,0,0,0,0,0,0,0,2.47,,973,12.5,,,,,11.83
35,65,35,0,0,0,0,0,0,0,0,0,0,0,0,0,2.47,,973,11.74,,,,,12.16
36,64,36,0,0,0,0,0,0,0,0,0,0,0,0,0,2.47,,974,11.07,,,,,12.48
37,63,37,0,0,0,0,0,0,0,0,0,0,0,0,0,2.47,,975,10.49,,,,,12.81
38,62,38,0,0,0,0,0,0,0,0,0,0,0,0,0,2.47,,975,9.92,,,,,13.14
39,61,39,0,0,0,0,0,0,0,0,0,0,0,0,0,2.46,,975,9.37,,,,,13.47
40,60,40,0,0,0,0,0,0,0,0,0,0,0,0,0,2.46,,975,8.91,,,,,13.79
41,59,41,0,0,0,0,0,0,0,0,0,0,0,0,0,2.46,,974,8.5,,,,,14.12
42,58,42,0,0,0,0,0,0,0,0,0,0,0,0,0,2.46,,973,8.07,,,,,14.45
43,57,43,0,0,0,0,0,0,0,0,0,0,0,0,0,2.46,,973,7.64,,,,,14.77
44,56,44,0,0,0,0,0,0,0,0,0,0,0,0,0,2.45,,972,7.26,,,,,15.1
45,55,45,0,0,0,0,0,0,0,0,0,0,0,0,0,2.45,,970,6.93,,,,,15.43
46,54,46,0,0,0,0,0,0,0,0,0,0,0,0,0,2.44,,969,6.67,,,,,15.75
47,53,47,0,0,0,0,0,0,0,0,0,0,0,0,0,2.44,,967,6.44,,,,,16.08
48,52,48,0,0,0,0,0,0,0,0,0,0,0,0,0,2.43,,965,6.23,,,,,16.4
49,51,49,0,0,0,0,0,0,0,0,0,0,0,0,0,2.42,,964,6.03,,,,,16.72
50,50,50,0,0,0,0,0,0,0,0,0,0,0,0,0,2.41,,961,5.87,,,,,17.05
51,49,51,0,0,0,0,0,0,0,0,0,0,0,0,0,2.4,,959,5.77,,,,,17.37
52,48,52,0,0,0,0,0,0,0,0,0,0,0,0,0,2.39,,957,5.74,,,,,17.69
53,47,53,0,0,0,0,0,0,0,0,0,0,0,0,0,2.38,,955,5.73,,,,,18.02
54,46,54,0,0,0,0,0,0,0,0,0,0,0,0,0,2.37,,952,5.74,,,,,18.34
55,45,55,0,0,0,0,0,0,0,0,0,0,0,0,0,2.36,,949,5.73,,,,,18.66
56,44,56,0,0,0,0,0,0,0,0,0,0,0,0,0,2.35,,947,5.74,,,,,18.98
57,43,57,0,0,0,0,0,0,0,0,0,0,0,0,0,2.34,,944,5.75,,,,,19.3
58,42,58,0,0,0,0,0,0,0,0,0,0,0,0,0,2.32,,941,5.78,,,,,19.62
59,41,59,0,0,0,0,0,0,0,0,0,0,0,0,0,2.31,,938,5.82,,,,,19.95
60,40,60,0,0,0,0,0,0,0,0,0,0,0,0,0,2.3,,935,5.87,,,,,20.27
61,39,61,0,0,0,0,0,0,0,0,0,0,0,0,0,2.29,,932,5.94,,,,,20.59
62,38,62,0,0,0,0,0,0,0,0,0,0,0,0,0,2.28,,929,6.06,,,,,20.9
63,37,63,0,0,0,0,0,0,0,0,0,0,0,0,0,2.26,,925,6.24,,,,,21.22
64,36,64,0,0,0,0,0,0,0,0,0,0,0,0,0,2.25,,922,6.51,,,,,21.54
65,35,65,0,0,0,0,0,0,0,0,0,0,0,0,0,2.24,,919,6.82,,,,,21.86
66,34,66,0,0,0,0,0,0,0,0,0,0,0,0,0,2.23,,916,7.14,,,,,22.18
67,33,67,0,0,0,0,0,0,0,0,0,0,0,0,0,2.22,,913,7.6,,,,,22.5
68,32,68,0,0,0,0,0,0,0,0,0,0,0,0,0,2.21,,909,8.22,,,,,22.82
69,31,69,0,0,0,0,0,0,0,0,0,0,0,0,0,2.19,,906,8.83,,,,,23.13
70,30,70,0,0,0,0,0,0,0,0,0,0,0,0,0,2.18,,903,9.53,,,,,23.45
71,29,71,0,0,0,0,0,0,0,0,0,0,0,0,0,2.17,,900,10.3,,,,,23.77
72,28,72,0,0,0,0,0,0,0,0,0,0,0,0,0,2.16,,897,11.1,,,,,24.08
73,27,73,0,0,0,0,0,0,0,0,0,0,0,0,0,2.15,,889,11.99,,,,,24.4
74,26,74,0,0,0,0,0,0,0,0,0,0,0,0,0,2.13,,897,12.84,,,,,24.71
75,25,75,0,0,0,0,0,0,0,0,0,0,0,0,0,2.12,,906,13.61,,,,,25.03
76,24,76,0,0,0,0,0,0,0,0,0,0,0,0,0,2.09,,914,14.53,,,,,25.34
77,23,77,0,0,0,0,0,0,0,0,0,0,0,0,0,2.06,,923,15.77,,,,,25.66
78,22,78,0,0,0,0,0,0,0,0,0,0,0,0,0,2.03,,932,16.92,,,,,25.97
79,21,79,0,0,0,0,0,0,0,0,0,0,0,0,0,1.99,,940,18.04,,,,,26.29
80,20,80,0,0,0,0,0,0,0,0,0,0,0,0,0,1.97,,949,18.97,,,,,26.6
81,19,81,0,0,0,0,0,0,0,0,0,0,0,0,0,1.95,,957,19.39,,,,,26.91
82,18,82,0,0,0,0,0,0,0,0,0,0,0,0,0,1.94,,966,19.62,,,,,27.23
83,17,83,0,0,0,0,0,0,0,0,0,0,0,0,0,1.93,,974,19.78,,,,,27.54
84,16,84,0,0,0,0,0,0,0,0,0,0,0,0,0,1.92,,983,19.87,,,,,27.85
85,15,85,0,0,0,0,0,0,0,0,0,0,0,0,0,1.91,,992,19.91,,,,,28.16
86,14,86,0,0,0,0,0,0,0,0,0,0,0,0,0,1.9,,1000,19.91,,,,,28.47
87,13,87,0,0,0,0,0,0,0,0,0,0,0,0,0,1.89,,1009,19.86,,,,,28.78
88,12,88,0,0,0,0,0,0,0,0,0,0,0,0,0,1.88,,1017,19.74,,,,,29.1
89,11,89,0,0,0,0,0,0,0,0,0,0,0,0,0,1.87,,1026,19.57,,,,,29.41
90,10,90,0,0,0,0,0,0,0,0,0,0,0,0,0,1.86,,1035,19.43,,,,,29.72
91,9,91,0,0,0,0,0,0,0,0,0,0,0,0,0,1.85,,1043,19.28,,,,,30.03
92,8,92,0,0,0,0,0,0,0,0,0,0,0,0,0,1.83,,1052,19.05,,,,,30.34
93,7,93,0,0,0,0,0,0,0,0,0,0,0,0,0,1.82,,1060,18.78,,,,,30.64
94,6,94,0,0,0,0,0,0,0,0,0,0,0,0,0,1.81,,1069,18.56,,,,,30.95
95,5,95,0,0,0,0,0,0,0,0,0,0,0,0,0,1.79,,1078,18.3,,,,,31.26
96,4,96,0,0,0,0,0,0,0,0,0,0,0,0,0,1.78,,1086,18.01,,,,,31.57
97,3,97,0,0,0,0,0,0,0,0,0,0,0,0,0,1.76,,1095,17.73,,,,,31.88
98,2,98,0,0,0,0,0,0,0,0,0,0,0,0,0,1.74,,1103,17.41,,,,,32.19
99,1,99,0,0,0,0,0,0,0,0,0,0,0,0,0,1.72,,1112,17.09,,,,,32.49
100,0,100,0,0,0,0,0,0,0,0,0,0,0,0,0,1.69,,1120,16.83,,,,,32.8
101,100,0,0,0,0,0,0,0,0,0,0,0,0,0,0,2.23,,724,8.56,,,,,0.42
102,99,1,0,0,0,0,0,0,0,0,0,0,0,0,0,2.24,,739,11.9,,,,,0.77
103,98,2,0,0,0,0,0,0,0,0,0,0,0,0,0,2.25,,753,14.13,,,,,1.11
104,97,3,0,0,0,0,0,0,0,0,0,0,0,0,0,2.26,,767,15.94,,,,,1.45
105,96,4,0,0,0,0,0,0,0,0,0,0,0,0,0,2.27,,780,17.64,,,,,1.79
106,95,5,0,0,0,0,0,0,0,0,0,0,0,0,0,2.28,,793,18.7,,,,,2.13
107,94,6,0,0,0,0,0,0,0,0,0,0,0,0,0,2.29,,805,19.72,,,,,2.47
108,93,7,0,0,0,0,0,0,0,0,0,0,0,0,0,2.3,,817,20.53,,,,,2.81
109,92,8,0,0,0,0,0,0,0,0,0,0,0,0,0,2.31,,828,21.21,,,,,3.15
110,91,9,0,0,0,0,0,0,0,0,0,0,0,0,0,2.32,,839,21.96,,,,,3.48
111,90,10,0,0,0,0,0,0,0,0,0,0,0,0,0,2.33,,849,22.64,,,,,3.82
112,89,11,0,0,0,0,0,0,0,0,0,0,0,0,0,2.34,,859,23.2,,,,,4.16
113,88,12,0,0,0,0,0,0,0,0,0,0,0,0,0,2.35,,868,23.82,,,,,4.5
114,87,13,0,0,0,0,0,0,0,0,0,0,0,0,0,2.36,,877,24.33,,,,,4.83
115,86,14,0,0,0,0,0,0,0,0,0,0,0,0,0,2.37,,885,24.68,,,,,5.17
116,85,15,0,0,0,0,0,0,0,0,0,0,0,0,0,2.38,,893,24.87,,,,,5.51
117,84,16,0,0,0,0,0,0,0,0,0,0,0,0,0,2.39,,901,24.91,,,,,5.84
118,83,17,0,0,0,0,0,0,0,0,0,0,0,0,0,2.4,,908,24.81,,,,,6.18
119,82,18,0,0,0,0,0,0,0,0,0,0,0,0,0,2.41,,914,24.64,,,,,6.51
120,81,19,0,0,0,0,0,0,0,0,0,0,0,0,0,2.41,,921,24.33,,,,,6.85
121,80,20,0,0,0,0,0,0,0,0,0,0,0,0,0,2.42,,927,23.89,,,,,7.18
122,79,21,0,0,0,0,0,0,0,0,0,0,0,0,0,2.43,,932,23.41,,,,,7.52
123,78,22,0,0,0,0,0,0,0,0,0,0,0,0,0,2.43,,937,22.76,,,,,7.85
124,77,23,0,0,0,0,0,0,0,0,0,0,0,0,0,2.44,,942,22.06,,,,,8.18
125,76,24,0,0,0,0,0,0,0,0,0,0,0,0,0,2.45,,947,21.34,,,,,8.52
126,75,25,0,0,0,0,0,0,0,0,0,0,0,0,0,2.45,,951,20.53,,,,,8.85
127,74,26,0,0,0,0,0,0,0,0,0,0,0,0,0,2.46,,954,19.59,,,,,9.18
128,73,27,0,0,0,0,0,0,0,0,0,0,0,0,0,2.46,,958,18.67,,,,,9.51
129,72,28,0,0,0,0,0,0,0,0,0,0,0,0,0,2.46,,961,17.82,,,,,9.84
130,71,29,0,0,0,0,0,0,0,0,0,0,0,0,0,2.47,,963,16.85,,,,,10.18
131,70,30,0,0,0,0,0,0,0,0,0,0,0,0,0,2.47,,966,15.94,,,,,10.51
132,69,31,0,0,0,0,0,0,0,0,0,0,0,0,0,2.47,,968,15.04,,,,,10.84
133,68,32,0,0,0,0,0,0,0,0,0,0,0,0,0,2.47,,970,14.04,,,,,11.17
134,67,33,0,0,0,0,0,0,0,0,0,0,0,0,0,2.47,,971,13.24,,,,,11.5
135,66,34,0,0,0,0,0,0,0,0,0,0,0,0,0,2.47,,973,12.5,,,,,11.83
136,65,35,0,0,0,0,0,0,0,0,0,0,0,0,0,2.47,,973,11.74,,,,,12.16
137,64,36,0,0,0,0,0,0,0,0,0,0,0,0,0,2.47,,974,11.07,,,,,12.48
138,63,37,0,0,0,0,0,0,0,0,0,0,0,0,0,2.47,,975,10.49,,,,,12.81
139,62,38,0,0,0,0,0,0,0,0,0,0,0,0,0,2.47,,975,9.92,,,,,13.14
140,61,39,0,0,0,0,0,0,0,0,0,0,0,0,0,2.46,,975,9.37,,,,,13.47
141,60,40,0,0,0,0,0,0,0,0,0,0,0,0,0,2.46,,975,8.91,,,,,13.79
142,59,41,0,0,0,0,0,0,0,0,0,0,0,0,0,2.46,,974,8.5,,,,,14.12
143,58,42,0,0,0,0,0,0,0,0,0,0,0,0,0,2.46,,973,8.07,,,,,14.45
144,57,43,0,0,0,0,0,0,0,0,0,0,0,0,0,2.46,,973,7.64,,,,,14.77
145,56,44,0,0,0,0,0,0,0,0,0,0,0,0,0,2.45,,972,7.26,,,,,15.1
146,55,45,0,0,0,0,0,0,0,0,0,0,0,0,0,2.45,,970,6.93,,,,,15.43
147,54,46,0,0,0,0,0,0,0,0,0,0,0,0,0,2.44,,969,6.67,,,,,15.75
148,53,47,0,0,0,0,0,0,0,0,0,0,0,0,0,2.44,,967,6.44,,,,,16.08
149,52,48,0,0,0,0,0,0,0,0,0,0,0,0,0,2.43,,965,6.23,,,,,16.4
150,51,49,0,0,0,0,0,0,0,0,0,0,0,0,0,2.42,,964,6.03,,,,,16.72
151,50,50,0,0,0,0,0,0,0,0,0,0,0,0,0,2.41,,961,5.87,,,,,17.05
152,49,51,0,0,0,0,0,0,0,0,0,0,0,0,0,2.4,,959,5.77,,,,,17.37
153,48,52,0,0,0,0,0,0,0,0,0,0,0,0,0,2.39,,957,5.74,,,,,17.69
154,47,53,0,0,0,0,0,0,0,0,0,0,0,0,0,2.38,,955,5.73,,,,,18.02
155,46,54,0,0,0,0,0,0,0,0,0,0,0,0,0,2.37,,952,5.74,,,,,18.34
156,45,55,0,0,0,0,0,0,0,0,0,0,0,0,0,2.36,,949,5.73,,,,,18.66
157,44,56,0,0,0,0,0,0,0,0,0,0,0,0,0,2.35,,947,5.74,,,,,18.98
158,43,57,0,0,0,0,0,0,0,0,0,0,0,0,0,2.34,,944,5.75,,,,,19.3
159,42,58,0,0,0,0,0,0,0,0,0,0,0,0,0,2.32,,941,5.78,,,,,19.62
160,41,59,0,0,0,0,0,0,0,0,0,0,0,0,0,2.31,,938,5.82,,,,,19.95
161,40,60,0,0,0,0,0,0,0,0,0,0,0,0,0,2.3,,935,5.87,,,,,20.27
162,39,61,0,0,0,0,0,0,0,0,0,0,0,0,0,2.29,,932,5.94,,,,,20.59
163,38,62,0,0,0,0,0,0,0,0,0,0,0,0,0,2.28,,929,6.06,,,,,20.9
164,37,63,0,0,0,0,0,0,0,0,0,0,0,0,0,2.26,,925,6.24,,,,,21.22
165,36,64,0,0,0,0,0,0,0,0,0,0,0,0,0,2.25,,922,6.51,,,,,21.54
166,35,65,0,0,0,0,0,0,0,0,0,0,0,0,0,2.24,,919,6.82,,,,,21.86
167,34,66,0,0,0,0,0,0,0,0,0,0,0,0,0,2.23,,916,7.14,,,,,22.18
168,33,67,0,0,0,0,0,0,0,0,0,0,0,0,0,2.22,,913,7.6,,,,,22.5
169,32,68,0,0,0,0,0,0,0,0,0,0,0,0,0,2.21,,909,8.22,,,,,22.82
170,31,69,0,0,0,0,0,0,0,0,0,0,0,0,0,2.19,,906,8.83,,,,,23.13
171,30,70,0,0,0,0,0,0,0,0,0,0,0,0,0,2.18,,903,9.53,,,,,23.45
172,29,71,0,0,0,0,0,0,0,0,0,0,0,0,0,2.17,,900,10.3,,,,,23.77
173,28,72,0,0,0,0,0,0,0,0,0,0,0,0,0,2.16,,897,11.1,,,,,24.08
174,27,73,0,0,0,0,0,0,0,0,0,0,0,0,0,2.15,,889,11.99,,,,,24.4
175,26,74,0,0,0,0,0,0,0,0,0,0,0,0,0,2.13,,897,12.84,,,,,24.71
176,25,75,0,0,0,0,0,0,0,0,0,0,0,0,0,2.12,,906,13.61,,,,,25.03
177,24,76,0,0,0,0,0,0,0,0,0,0,0,0,0,2.09,,914,14.53,,,,,25.34
178,23,77,0,0,0,0,0,0,0,0,0,0,0,0,0,2.06,,923,15.77,,,,,25.66
179,22,78,0,0,0,0,0,0,0,0,0,0,0,0,0,2.03,,932,16.92,,,,,25.97
180,21,79,0,0,0,0,0,0,0,0,0,0,0,0,0,1.99,,940,18.04,,,,,26.29
181,20,80,0,0,0,0,0,0,0,0,0,0,0,0,0,1.97,,949,18.97,,,,,26.6
182,19,81,0,0,0,0,0,0,0,0,0,0,0,0,0,1.95,,957,19.39,,,,,26.91
183,18,82,0,0,0,0,0,0,0,0,0,0,0,0,0,1.94,,966,19.62,,,,,27.23
184,17,83,0,0,0,0,0,0,0,0,0,0,0,0,0,1.93,,974,19.78,,,,,27.54
185,16,84,0,0,0,0,0,0,0,0,0,0,0,0,0,1.92,,983,19.87,,,,,27.85
186,15,85,0,0,0,0,0,0,0,0,0,0,0,0,0,1.91,,992,19.91,,,,,28.16
187,14,86,0,0,0,0,0,0,0,0,0,0,0,0,0,1.9,,1000,19.91,,,,,28.47
188,13,87,0,0,0,0,0,0,0,0,0,0,0,0,0,1.89,,1009,19.86,,,,,28.78
189,12,88,0,0,0,0,0,0,0,0,0,0,0,0,0,1.88,,1017,19.74,,,,,29.1
190,11,89,0,0,0,0,0,0,0,0,0,0,0,0,0,1.87,,1026,19.57,,,,,29.41
191,10,90,0,0,0,0,0,0,0,0,0,0,0,0,0,1.86,,1035,19.43,,,,,29.72
192,9,91,0,0,0,0,0,0,0,0,0,0,0,0,0,1.85,,1043,19.28,,,,,30.03
193,8,92,0,0,0,0,0,0,0,0,0,0,0,0,0,1.83,,1052,19.05,,,,,30.34
194,7,93,0,0,0,0,0,0,0,0,0,0,0,0,0,1.82,,1060,18.78,,,,,30.64
195,6,94,0,0,0,0,0,0,0,0,0,0,0,0,0,1.81,,1069,18.56,,,,,30.95
196,5,95,0,0,0,0,0,0,0,0,0,0,0,0,0,1.79,,1078,18.3,,,,,31.26
197,4,96,0,0,0,0,0,0,0,0,0,0,0,0,0,1.78,,1086,18.01,,,,,31.57
198,3,97,0,0,0,0,0,0,0,0,0,0,0,0,0,1.76,,1095,17.73,,,,,31.88
199,2,98,0,0,0,0,0,0,0,0,0,0,0,0,0,1.74,,1103,17.41,,,,,32.19
200,1,99,0,0,0,0,0,0,0,0,0,0,0,0,0,1.72,,1112,17.09,,,,,32.49
201,0,100,0,0,0,0,0,0,0,0,0,0,0,0,0,1.69,,1120,16.83,,,,,32.8
202,100,0,0,0,0,0,0,0,0,0,0,0,0,0,0,2.23,84.35,770,11.2,412,241,40,100,0.42
203,99,0,1,0,0,0,0,0,0,0,0,0,0,0,0,2.24,110.61,769,,,,,,0.57
204,98,0,2,0,0,0,0,0,0,0,0,0,0,0,0,2.24,150.4,767,,,,,,0.71
205,97,0,3,0,0,0,0,0,0,0,0,0,0,0,0,2.25,203.72,766,,,,,,0.85
206,96,0,4,0,0,0,0,0,0,0,0,0,0,0,0,2.25,256.24,763,,,,,,0.99
207,95,0,5,0,0,0,0,0,0,0,0,0,0,0,0,2.25,306.37,760,19.23,,,,,1.13
208,94,0,6,0,0,0,0,0,0,0,0,0,0,0,0,2.25,353.32,757,,,,,,1.27
209,93,0,7,0,0,0,0,0,0,0,0,0,0,0,0,2.26,395.5,752,,,,,,1.41
210,92,0,8,0,0,0,0,0,0,0,0,0,0,0,0,2.26,438.47,748,,,,,,1.55
211,91,0,9,0,0,0,0,0,0,0,0,0,0,0,0,2.26,481.44,743,,,,,,1.69
212,90,0,10,0,0,0,0,0,0,0,0,0,0,0,0,2.26,522.03,737,25.78,,,,,1.83
213,89,0,11,0,0,0,0,0,0,0,0,0,0,0,0,2.26,564.2,731,,,,,,1.97
214,88,0,12,0,0,0,0,0,0,0,0,0,0,0,0,2.26,603.99,724,,,,,,2.11
215,87,0,13,0,0,0,0,0,0,0,0,0,0,0,0,2.26,642.19,716,,,,,,2.25
216,86,0,14,0,0,0,0,0,0,0,0,0,0,0,0,2.25,680.39,709,,,,,,2.39
217,85,0,15,0,0,0,0,0,0,0,0,0,0,0,0,2.25,716.2,700,30.88,,,,,2.53
218,84,0,16,0,0,0,0,0,0,0,0,0,0,0,0,2.25,750.42,691,,,,,,2.67
219,83,0,17,0,0,0,0,0,0,0,0,0,0,0,0,2.24,785.43,681,,,,,,2.81
220,82,0,18,0,0,0,0,0,0,0,0,0,0,0,0,2.23,,671,,,,,,2.95
221,81,0,19,0,0,0,0,0,0,0,0,0,0,0,0,2.23,,661,,,,,,3.09
222,80,0,20,0,0,0,0,0,0,0,0,0,0,0,0,2.22,,,,1202,824,7.5,303,3.23
223,79,0,21,0,0,0,0,0,0,0,0,0,0,0,0,2.2,,,,,,,,3.37
224,78,0,22,0,0,0,0,0,0,0,0,0,0,0,0,2.19,,,,,,,,3.51
225,77,0,23,0,0,0,0,0,0,0,0,0,0,0,0,2.17,,,,,,,,3.64
226,76,0,24,0,0,0,0,0,0,0,0,0,0,0,0,2.15,,,,,,,,3.78
227,75,0,25,0,0,0,0,0,0,0,0,0,0,0,0,2.13,,,,,,,,3.92
228,74,0,26,0,0,0,0,0,0,0,0,0,0,0,0,2.1,,,,,,,,4.06
229,73,0,27,0,0,0,0,0,0,0,0,0,0,0,0,2.08,,,,,,,,4.2
230,72,0,28,0,0,0,0,0,0,0,0,0,0,0,0,2.05,,,,,,,,4.33
231,71,0,29,0,0,0,0,0,0,0,0,0,0,0,0,2.02,,,,,,,,4.47
232,70,0,30,0,0,0,0,0,0,0,0,0,0,0,0,1.99,,,,,,,,4.61
233,69,0,31,0,0,0,0,0,0,0,0,0,0,0,0,1.96,,,,,,,,4.75
234,68,0,32,0,0,0,0,0,0,0,0,0,0,0,0,1.92,,,,,,,,4.88
235,67,0,33,0,0,0,0,0,0,0,0,0,0,0,0,1.88,,,,,,,,5.02
236,66,0,34,0,0,0,0,0,0,0,0,0,0,0,0,1.85,,,,,,,,5.16
237,65,0,35,0,0,0,0,0,0,0,0,0,0,0,0,1.82,,,,,,,,5.29
238,64,0,36,0,0,0,0,0,0,0,0,0,0,0,0,1.81,,,,,,,,5.43
239,63,0,37,0,0,0,0,0,0,0,0,0,0,0,0,1.82,,,,,,,,5.57
240,62,0,38,0,0,0,0,0,0,0,0,0,0,0,0,1.81,,,,,,,,5.7
241,61,0,39,0,0,0,0,0,0,0,0,0,0,0,0,1.81,33.42,334,,,,,,5.84
242,60,0,40,0,0,0,0,0,0,0,0,0,0,0,0,1.8,32.63,355,59.35,,,,,5.98
243,59,0,41,0,0,0,0,0,0,0,0,0,0,0,0,1.79,31.04,374,,,,,,6.11
244,58,0,42,0,0,0,0,0,0,0,0,0,0,0,0,1.78,29.44,393,,,,,,6.25
245,57,0,43,0,0,0,0,0,0,0,0,0,0,0,0,1.77,27.85,411,,,,,,6.38
246,56,0,44,0,0,0,0,0,0,0,0,0,0,0,0,1.75,27.06,428,,,,,,6.52
247,55,0,45,0,0,0,0,0,0,0,0,0,0,0,0,1.74,25.46,444,,498,172,70,95,6.65
248,54,0,46,0,0,0,0,0,0,0,0,0,0,0,0,1.72,23.87,459,,,,,,6.79
249,53,0,47,0,0,0,0,0,0,0,0,0,0,0,0,1.71,23.08,474,,,,,,6.92
250,52,0,48,0,0,0,0,0,0,0,0,0,0,0,0,1.69,22.28,488,,,,,,7.06
251,51,0,49,0,0,0,0,0,0,0,0,0,0,0,0,1.68,21.49,501,,,,,,7.19
252,50,0,50,0,0,0,0,0,0,0,0,0,0,0,0,1.66,20.69,513,35.65,,,,,7.33
253,49,0,51,0,0,0,0,0,0,0,0,0,0,0,0,1.64,20.69,524,,,,,,7.46
254,48,0,52,0,0,0,0,0,0,0,0,0,0,0,0,1.63,20.69,535,,,,,,7.6
255,47,0,53,0,0,0,0,0,0,0,0,0,0,0,0,1.61,20.69,545,,,,,,7.73
256,46,0,54,0,0,0,0,0,0,0,0,0,0,0,0,1.59,21.49,554,,,,,,7.87
257,45,0,55,0,0,0,0,0,0,0,0,0,0,0,0,1.57,21.49,563,,,,,,8
258,44,0,56,0,0,0,0,0,0,0,0,0,0,0,0,1.55,22.28,571,,,,,,8.14
259,43,0,57,0,0,0,0,0,0,0,0,0,0,0,0,1.54,23.08,578,,,,,,8.27
260,42,0,58,0,0,0,0,0,0,0,0,0,0,0,0,1.52,23.87,584,,,,,,8.4
261,41,0,59,0,0,0,0,0,0,0,0,0,0,0,0,1.5,24.67,590,,,,,,8.54
262,40,0,60,0,0,0,0,0,0,0,0,0,0,0,0,1.48,24.67,595,22.2,,,,,8.67
263,39,0,61,0,0,0,0,0,0,0,0,0,0,0,0,1.46,24.67,599,,,,,,8.8
264,38,0,62,0,0,0,0,0,0,0,0,0,0,0,0,1.44,24.67,603,,,,,,8.94
265,37,0,63,0,0,0,0,0,0,0,0,0,0,0,0,1.42,23.87,606,,,,,,9.07
266,36,0,64,0,0,0,0,0,0,0,0,0,0,0,0,1.4,23.87,608,,,,,,9.2
267,35,0,65,0,0,0,0,0,0,0,0,0,0,0,0,1.38,23.87,610,,,,,,9.33
268,34,0,66,0,0,0,0,0,0,0,0,0,0,0,0,1.36,23.08,611,,,,,,9.47
269,33,0,67,0,0,0,0,0,0,0,0,0,0,0,0,1.34,22.28,611,,,,,,9.6
270,32,0,68,0,0,0,0,0,0,0,0,0,0,0,0,1.32,22.28,611,,,,,,9.73
271,31,0,69,0,0,0,0,0,0,0,0,0,0,0,0,1.29,21.49,610,,,,,,9.86
272,30,0,70,0,0,0,0,0,0,0,0,0,0,0,0,1.27,19.89,608,17.03,,,,,10
273,29,0,71,0,0,0,0,0,0,0,0,0,0,0,0,1.25,19.1,606,,,,,,10.13
274,28,0,72,0,0,0,0,0,0,0,0,0,0,0,0,1.23,17.51,604,,,,,,10.26
275,27,0,73,0,0,0,0,0,0,0,0,0,0,0,0,1.2,16.71,601,,,,,,10.39
276,26,0,74,0,0,0,0,0,0,0,0,0,0,0,0,1.18,15.12,597,,,,,,10.52
277,25,0,75,0,0,0,0,0,0,0,0,0,0,0,0,1.16,14.32,592,,,,,,10.66
278,24,0,76,0,0,0,0,0,0,0,0,0,0,0,0,1.14,13.53,587,,,,,,10.79
279,23,0,77,0,0,0,0,0,0,0,0,0,0,0,0,1.12,11.94,582,,,,,,10.92
280,22,0,78,0,0,0,0,0,0,0,0,0,0,0,0,1.09,11.14,576,,567,155,80,127,11.05
281,21,0,79,0,0,0,0,0,0,0,0,0,0,0,0,1.07,11.14,569,,,,,,11.18
282,20,0,80,0,0,0,0,0,0,0,0,0,0,0,0,1.05,11.14,562,14.88,,,,,11.31
283,19,0,81,0,0,0,0,0,0,0,0,0,0,0,0,1.03,11.94,555,,,,,,11.44
284,18,0,82,0,0,0,0,0,0,0,0,0,0,0,0,1.01,12.73,547,,,,,,11.57
285,17,0,83,0,0,0,0,0,0,0,0,0,0,0,0,0.98,13.53,538,,,,,,11.7
286,16,0,84,0,0,0,0,0,0,0,0,0,0,0,0,0.96,14.32,529,14.45,,,,,11.83
287,15,0,85,0,0,0,0,0,0,0,0,0,0,0,0,0.94,15.92,519,,,,,,11.96
288,14,0,86,0,0,0,0,0,0,0,0,0,0,0,0,0.91,16.71,509,,,,,,12.09
289,13,0,87,0,0,0,0,0,0,0,0,0,0,0,0,0.89,18.3,499,,,,,,12.22
290,12,0,88,0,0,0,0,0,0,0,0,0,0,0,0,0.87,19.89,488,,,,,,12.35
291,11,0,89,0,0,0,0,0,0,0,0,0,0,0,0,0.85,22.28,477,,,,,,12.48
292,10,0,90,0,0,0,0,0,0,0,0,0,0,0,0,0.82,23.87,465,13.28,,,,,12.61
293,9,0,91,0,0,0,0,0,0,0,0,0,0,0,0,0.8,28.65,453,,,,,,12.74
294,8,0,92,0,0,0,0,0,0,0,0,0,0,0,0,0.78,32.63,440,,,,,,12.87
295,7,0,93,0,0,0,0,0,0,0,0,0,0,0,0,0.76,35.81,427,,,,,,13
296,6,0,94,0,0,0,0,0,0,0,0,0,0,0,0,0.74,39.79,413,,,,,,13.13
297,5,0,95,0,0,0,0,0,0,0,0,0,0,0,0,0.71,43.77,399,,,,,,13.26
298,4,0,96,0,0,0,0,0,0,0,0,0,0,0,0,0.69,46.95,385,,,,,,13.39
299,3,0,97,0,0,0,0,0,0,0,0,0,0,0,0,0.67,50.13,370,,,,,,13.51
300,2,0,98,0,0,0,0,0,0,0,0,0,0,0,0,0.64,54.11,355,,,,,,13.64
301,1,0,99,0,0,0,0,0,0,0,0,0,0,0,0,0.62,56.5,340,,,,,,13.77
302,0,0,100,0,0,0,0,0,0,0,0,0,0,0,0,0.6,58.89,324,8.85,447,172,70,100,13.9
303,100,0,0,0,0,0,0,0,0,0,0,0,0,0,0,2.23,84.35,770,11.2,412,241,40,100,0.42
304,99,0,1,0,0,0,0,0,0,0,0,0,0,0,0,2.24,110.61,769,,,,,,0.57
305,98,0,2,0,0,0,0,0,0,0,0,0,0,0,0,2.24,150.4,767,,,,,,0.71
306,97,0,3,0,0,0,0,0,0,0,0,0,0,0,0,2.25,203.72,766,,,,,,0.85
307,96,0,4,0,0,0,0,0,0,0,0,0,0,0,0,2.25,256.24,763,,,,,,0.99
308,95,0,5,0,0,0,0,0,0,0,0,0,0,0,0,2.25,306.37,760,19.23,,,,,1.13
309,94,0,6,0,0,0,0,0,0,0,0,0,0,0,0,2.25,353.32,757,,,,,,1.27
310,93,0,7,0,0,0,0,0,0,0,0,0,0,0,0,2.26,395.5,752,,,,,,1.41
311,92,0,8,0,0,0,0,0,0,0,0,0,0,0,0,2.26,438.47,748,,,,,,1.55
312,91,0,9,0,0,0,0,0,0,0,0,0,0,0,0,2.26,481.44,743,,,,,,1.69
313,90,0,10,0,0,0,0,0,0,0,0,0,0,0,0,2.26,522.03,737,25.78,,,,,1.83
314,89,0,11,0,0,0,0,0,0,0,0,0,0,0,0,2.26,564.2,731,,,,,,1.97
315,88,0,12,0,0,0,0,0,0,0,0,0,0,0,0,2.26,603.99,724,,,,,,2.11
316,87,0,13,0,0,0,0,0,0,0,0,0,0,0,0,2.26,642.19,716,,,,,,2.25
317,86,0,14,0,0,0,0,0,0,0,0,0,0,0,0,2.25,680.39,709,,,,,,2.39
318,85,0,15,0,0,0,0,0,0,0,0,0,0,0,0,2.25,716.2,700,30.88,,,,,2.53
319,84,0,16,0,0,0,0,0,0,0,0,0,0,0,0,2.25,750.42,691,,,,,,2.67
320,83,0,17,0,0,0,0,0,0,0,0,0,0,0,0,2.24,785.43,681,,,,,,2.81
321,82,0,18,0,0,0,0,0,0,0,0,0,0,0,0,2.23,,671,,,,,,2.95
322,81,0,19,0,0,0,0,0,0,0,0,0,0,0,0,2.23,,661,,,,,,3.09
323,80,0,20,0,0,0,0,0,0,0,0,0,0,0,0,2.22,,,,1202,824,7.5,303,3.23
324,79,0,21,0,0,0,0,0,0,0,0,0,0,0,0,2.2,,,,,,,,3.37
325,78,0,22,0,0,0,0,0,0,0,0,0,0,0,0,2.19,,,,,,,,3.51
326,77,0,23,0,0,0,0,0,0,0,0,0,0,0,0,2.17,,,,,,,,3.64
327,76,0,24,0,0,0,0,0,0,0,0,0,0,0,0,2.15,,,,,,,,3.78
328,75,0,25,0,0,0,0,0,0,0,0,0,0,0,0,2.13,,,,,,,,3.92
329,74,0,26,0,0,0,0,0,0,0,0,0,0,0,0,2.1,,,,,,,,4.06
330,73,0,27,0,0,0,0,0,0,0,0,0,0,0,0,2.08,,,,,,,,4.2
331,72,0,28,0,0,0,0,0,0,0,0,0,0,0,0,2.05,,,,,,,,4.33
332,71,0,29,0,0,0,0,0,0,0,0,0,0,0,0,2.02,,,,,,,,4.47
333,70,0,30,0,0,0,0,0,0,0,0,0,0,0,0,1.99,,,,,,,,4.61
334,69,0,31,0,0,0,0,0,0,0,0,0,0,0,0,1.96,,,,,,,,4.75
335,68,0,32,0,0,0,0,0,0,0,0,0,0,0,0,1.92,,,,,,,,4.88
336,67,0,33,0,0,0,0,0,0,0,0,0,0,0,0,1.88,,,,,,,,5.02
337,66,0,34,0,0,0,0,0,0,0,0,0,0,0,0,1.85,,,,,,,,5.16
338,65,0,35,0,0,0,0,0,0,0,0,0,0,0,0,1.82,,,,,,,,5.29
339,64,0,36,0,0,0,0,0,0,0,0,0,0,0,0,1.81,,,,,,,,5.43
340,63,0,37,0,0,0,0,0,0,0,0,0,0,0,0,1.82,,,,,,,,5.57
341,62,0,38,0,0,0,0,0,0,0,0,0,0,0,0,1.81,,,,,,,,5.7
342,61,0,39,0,0,0,0,0,0,0,0,0,0,0,0,1.81,33.42,334,,,,,,5.84
343,60,0,40,0,0,0,0,0,0,0,0,0,0,0,0,1.8,32.63,355,59.35,,,,,5.98
344,59,0,41,0,0,0,0,0,0,0,0,0,0,0,0,1.79,31.04,374,,,,,,6.11
345,58,0,42,0,0,0,0,0,0,0,0,0,0,0,0,1.78,29.44,393,,,,,,6.25
346,57,0,43,0,0,0,0,0,0,0,0,0,0,0,0,1.77,27.85,411,,,,,,6.38
347,56,0,44,0,0,0,0,0,0,0,0,0,0,0,0,1.75,27.06,428,,,,,,6.52
348,55,0,45,0,0,0,0,0,0,0,0,0,0,0,0,1.74,25.46,444,,498,172,70,95,6.65
349,54,0,46,0,0,0,0,0,0,0,0,0,0,0,0,1.72,23.87,459,,,,,,6.79
350,53,0,47,0,0,0,0,0,0,0,0,0,0,0,0,1.71,23.08,474,,,,,,6.92
351,52,0,48,0,0,0,0,0,0,0,0,0,0,0,0,1.69,21.49,488,,,,,,7.06
352,51,0,49,0,0,0,0,0,0,0,0,0,0,0,0,1.68,20.69,501,,,,,,7.19
353,50,0,50,0,0,0,0,0,0,0,0,0,0,0,0,1.66,19.89,513,35.65,,,,,7.33
354,49,0,51,0,0,0,0,0,0,0,0,0,0,0,0,1.64,18.3,524,,,,,,7.46
355,48,0,52,0,0,0,0,0,0,0,0,0,0,0,0,1.63,17.51,535,,,,,,7.6
356,47,0,53,0,0,0,0,0,0,0,0,0,0,0,0,1.61,16.71,545,,,,,,7.73
357,46,0,54,0,0,0,0,0,0,0,0,0,0,0,0,1.59,15.92,554,,,,,,7.87
358,45,0,55,0,0,0,0,0,0,0,0,0,0,0,0,1.57,15.12,563,,,,,,8
359,44,0,56,0,0,0,0,0,0,0,0,0,0,0,0,1.55,14.32,571,,,,,,8.14
360,43,0,57,0,0,0,0,0,0,0,0,0,0,0,0,1.54,13.53,578,,,,,,8.27
361,42,0,58,0,0,0,0,0,0,0,0,0,0,0,0,1.52,12.73,584,,,,,,8.4
362,41,0,59,0,0,0,0,0,0,0,0,0,0,0,0,1.5,11.94,590,,,,,,8.54
363,40,0,60,0,0,0,0,0,0,0,0,0,0,0,0,1.48,11.14,595,22.2,,,,,8.67
364,39,0,61,0,0,0,0,0,0,0,0,0,0,0,0,1.46,10.35,599,,,,,,8.8
365,38,0,62,0,0,0,0,0,0,0,0,0,0,0,0,1.44,9.55,603,,,,,,8.94
366,37,0,63,0,0,0,0,0,0,0,0,0,0,0,0,1.42,8.75,606,,,,,,9.07
367,36,0,64,0,0,0,0,0,0,0,0,0,0,0,0,1.4,8.75,608,,,,,,9.2
368,35,0,65,0,0,0,0,0,0,0,0,0,0,0,0,1.38,7.96,610,,,,,,9.33
369,34,0,66,0,0,0,0,0,0,0,0,0,0,0,0,1.36,7.16,611,,,,,,9.47
370,33,0,67,0,0,0,0,0,0,0,0,0,0,0,0,1.34,7.16,611,,,,,,9.6
371,32,0,68,0,0,0,0,0,0,0,0,0,0,0,0,1.32,6.37,611,,,,,,9.73
372,31,0,69,0,0,0,0,0,0,0,0,0,0,0,0,1.29,6.37,610,,,,,,9.86
373,30,0,70,0,0,0,0,0,0,0,0,0,0,0,0,1.27,5.57,608,17.03,,,,,10
374,29,0,71,0,0,0,0,0,0,0,0,0,0,0,0,1.25,5.57,606,,,,,,10.13
375,28,0,72,0,0,0,0,0,0,0,0,0,0,0,0,1.23,4.77,604,,,,,,10.26
376,27,0,73,0,0,0,0,0,0,0,0,0,0,0,0,1.2,4.77,601,,,,,,10.39
377,26,0,74,0,0,0,0,0,0,0,0,0,0,0,0,1.18,4.77,597,,,,,,10.52
378,25,0,75,0,0,0,0,0,0,0,0,0,0,0,0,1.16,4.77,592,,,,,,10.66
379,24,0,76,0,0,0,0,0,0,0,0,0,0,0,0,1.14,3.98,587,,,,,,10.79
380,23,0,77,0,0,0,0,0,0,0,0,0,0,0,0,1.12,3.98,582,,,,,,10.92
381,22,0,78,0,0,0,0,0,0,0,0,0,0,0,0,1.09,3.98,576,,567,155,80,127,11.05
382,21,0,79,0,0,0,0,0,0,0,0,0,0,0,0,1.07,4.77,569,,,,,,11.18
383,20,0,80,0,0,0,0,0,0,0,0,0,0,0,0,1.05,4.77,562,14.88,,,,,11.31
384,19,0,81,0,0,0,0,0,0,0,0,0,0,0,0,1.03,5.57,555,,,,,,11.44
385,18,0,82,0,0,0,0,0,0,0,0,0,0,0,0,1.01,6.37,547,,,,,,11.57
386,17,0,83,0,0,0,0,0,0,0,0,0,0,0,0,0.98,7.16,538,,,,,,11.7
387,16,0,84,0,0,0,0,0,0,0,0,0,0,0,0,0.96,8.75,529,14.45,,,,,11.83
388,15,0,85,0,0,0,0,0,0,0,0,0,0,0,0,0.94,9.55,519,,,,,,11.96
389,14,0,86,0,0,0,0,0,0,0,0,0,0,0,0,0.91,11.94,509,,,,,,12.09
390,13,0,87,0,0,0,0,0,0,0,0,0,0,0,0,0.89,14.32,499,,,,,,12.22
391,12,0,88,0,0,0,0,0,0,0,0,0,0,0,0,0.87,17.51,488,,,,,,12.35
392,11,0,89,0,0,0,0,0,0,0,0,0,0,0,0,0.85,20.69,477,,,,,,12.48
393,10,0,90,0,0,0,0,0,0,0,0,0,0,0,0,0.82,24.67,465,13.28,,,,,12.61
394,9,0,91,0,0,0,0,0,0,0,0,0,0,0,0,0.8,28.65,453,,,,,,12.74
395,8,0,92,0,0,0,0,0,0,0,0,0,0,0,0,0.78,32.63,440,,,,,,12.87
396,7,0,93,0,0,0,0,0,0,0,0,0,0,0,0,0.76,35.81,427,,,,,,13
397,6,0,94,0,0,0,0,0,0,0,0,0,0,0,0,0.74,39.79,413,,,,,,13.13
398,5,0,95,0,0,0,0,0,0,0,0,0,0,0,0,0.71,43.77,399,,,,,,13.26
399,4,0,96,0,0,0,0,0,0,0,0,0,0,0,0,0.69,46.95,385,,,,,,13.39
400,3,0,97,0,0,0,0,0,0,0,0,0,0,0,0,0.67,50.13,370,,,,,,13.51
401,2,0,98,0,0,0,0,0,0,0,0,0,0,0,0,0.64,54.11,355,,,,,,13.64
402,1,0,99,0,0,0,0,0,0,0,0,0,0,0,0,0.62,56.5,340,,,,,,13.77
403,0,0,100,0,0,0,0,0,0,0,0,0,0,0,0,0.6,58.89,324,8.85,447,172,70,100,13.9
404,0,0,100,0,0,0,0,0,0,0,0,0,0,0,0,0.65,39.79,361,8,,,,,13.9
405,0,5,95,0,0,0,0,0,0,0,0,0,0,0,0,0.71,47.75,413,11,,,,,14.85
406,0,10,90,0,0,0,0,0,0,0,0,0,0,0,0,0.79,55.7,465,12.45,,,,,15.8
407,0,15,85,0,0,0,0,0,0,0,0,0,0,0,0,0.85,63.66,518,13.3,,,,,16.74
408,0,20,80,0,0,0,0,0,0,0,0,0,0,0,0,0.91,79.58,570,13.9,,,,,17.69
409,0,25,75,0,0,0,0,0,0,0,0,0,0,0,0,0.98,95.49,620,14.11,,,,,18.64
410,0,30,70,0,0,0,0,0,0,0,0,0,0,0,0,1.04,119.37,669,14.17,,,,,19.59
411,0,35,65,0,0,0,0,0,0,0,0,0,0,0,0,1.11,143.24,716,14.13,,,,,20.53
412,0,40,60,0,0,0,0,0,0,0,0,0,0,0,0,1.16,167.11,761,14.03,,,,,21.48
413,0,45,55,0,0,0,0,0,0,0,0,0,0,0,0,1.21,190.99,803,13.91,,,,,22.42
414,0,50,50,0,0,0,0,0,0,0,0,0,0,0,0,1.28,222.82,842,13.75,,,,,23.37
415,0,55,45,0,0,0,0,0,0,0,0,0,0,0,0,1.35,262.61,878,13.56,,,,,24.31
416,0,60,40,0,0,0,0,0,0,0,0,0,0,0,0,1.41,294.44,912,13.28,,,,,25.26
417,0,65,35,0,0,0,0,0,0,0,0,0,0,0,0,1.45,334.23,943,12.93,,,,,26.2
418,0,70,30,0,0,0,0,0,0,0,0,0,0,0,0,1.51,374.01,971,12.33,,,,,27.15
419,0,75,25,0,0,0,0,0,0,0,0,0,0,0,0,1.55,413.8,997,11.64,,,,,28.09
420,0,80,20,0,0,0,0,0,0,0,0,0,0,0,0,1.61,453.59,1022,12.12,,,,,29.03
421,0,85,15,0,0,0,0,0,0,0,0,0,0,0,0,1.66,501.34,1046,13.19,,,,,29.97
422,0,90,10,0,0,0,0,0,0,0,0,0,0,0,0,1.71,541.13,1068,13.29,,,,,30.92
423,0,95,5,0,0,0,0,0,0,0,0,0,0,0,0,1.75,588.87,1091,12.96,,,,,31.86
424,0,97,3,0,0,0,0,0,0,0,0,0,0,0,0,1.78,628.66,1101,12.71,,,,,32.24
425,0,100,0,0,0,0,0,0,0,0,0,0,0,0,0,1.8,676.41,1120,12.01,,,,,32.8
426,49.5,48.5,0,2,0,0,0,0,0,0,0,0,0,0,0,2.25,136.08,980,35,400,390,2,85,23.19
427,62.5,0,37.5,0,0,0,0,0,0,0,0,0,0,0,0,1.55,23.87,250,75,380,230,23,112,5.64
428,52.5,0,47.5,0,0,0,0,0,0,0,0,0,0,0,0,1.6,12.73,440,45,420,200,18,115,6.99
429,52.5,0,47.5,0,0,0,0,0,0,0,0,0,0,0,0,1.4,23.87,440,50,,,,,6.99
430,52.5,0,47.5,0,0,0,0,0,0,0,0,0,0,0,0,1.27,15.92,440,,,,,,6.99
431,19,0,77,0,4,0,0,0,0,0,0,0,0,0,0,0.8,2.39,400,55,440,180,16,121,13.19
432,72.4,27,0,0,0,0.6,0,0,0,0,0,0,0,0,0,2.42,71.62,925,43,696,365,7,,9.57
433,72.4,27,0,0,0,0.6,0,0,0,0,0,0,0,0,0,,,925,43,799,427,8,,9.57
434,72.4,27,0,0,0,0.6,0,0,0,0,0,0,0,0,0,,,925,43,1336,1295,1,361,9.57
435,49,49,0,2,0,0,0,0,0,0,0,0,0,0,0,2.43,127.32,970,19,551,310,15,,23.35
436,49,49,0,2,0,0,0,0,0,0,0,0,0,0,0,,,970,19,709,434,14,,23.35
437,49,49,0,2,0,0,0,0,0,0,0,0,0,0,0,,,970,19,1143,1137,6,320,23.35
438,55,0,45,0,0,0,0,0,0,0,0,0,0,0,0,1.58,3.98,472,50,441,165,35,,6.65
439,51,0,49,0,0,0,0,0,0,0,0,0,0,0,0,1.55,2.39,518,47,,,,,7.19
440,51,0,49,0,0,0,0,0,0,0,0,0,0,0,0,1.55,7.96,518,47,,,,,7.19
441,51,0,49,0,0,0,0,0,0,0,0,0,0,0,0,1.55,3.98,518,47,,,,,7.19
442,52,0,45,0,3,0,0,0,0,0,0,0,0,0,0,1.45,4.77,580,65,,,,,8.48
443,21.5,0,78.5,0,0,0,0,0,0,0,0,0,0,0,0,1.05,1.03,580,16,455,159,35,,11.11
444,17,0,79,0,4,0,0,0,0,0,0,0,0,0,0,0.79,0.32,455,59,,,,,13.44
445,16,0,80,0,4,0,0,0,0,0,0,0,0,0,0,,,566,,545,172,37,,13.57
446,15,0,80,0,5,0,0,0,0,0,0,0,0,0,0,,,566,,545,172,37,,14.11
447,16,0,77,0,0,2,5,0,0,0,0,0,0,0,0,0.77,0.4,405,56,441,125,27,,11.33
448,41.7,15,38,0,0,0,0,0,0,0,0,3,0.9,1.4,0,,,530,,1310,1100,14,,14.15
449,42.62,13,38,0,0,0,0,0,0,0,0,4.7,0.03,1.5,0.15,,,530,,1310,1100,14,,15.29
450,42.36,13,38,0,0,0,0,0,0.01,0,0,4.7,0.03,1.5,0.4,,,530,,1275,1035,15,,15.31
451,57.9,0,41.6,0,0,0,0,0.5,0,0,0,0,0,0,0,,,386,,496,255,,147,6.2
452,42.54,14,38,0,0,0,0,0.09,0,0,0,2.9,0.9,1.4,0.17,,,530,,1365,1200,14,376,13.74
453,41.97,14,37.6,0,0,0,0.1,0.05,0,0,0,4.7,1.5,0,0.08,,,530,,1345,1124,15,406,15.51
454,0,0,100,0,0,0,0,0,0,0,0,0,0,0,0,0.45,4854.23,355,,,,,,13.9
455,0,15,85,0,0,0,0,0,0,0,0,0,0,0,0,0.64,3342.25,518,,,,,,16.74
456,0,28,72,0,0,0,0,0,0,0,0,0,0,0,0,0.77,2864.79,650,,,,,,19.21
457,0,40,60,0,0,0,0,0,0,0,0,0,0,0,0,0.89,2864.79,761,,,,,,21.48
458,0,58,42,0,0,0,0,0,0,0,0,0,0,0,0,1.05,3580.99,899,,,,,,24.88
459,0,64,36,0,0,0,0,0,0,0,0,0,0,0,0,1.18,6207.04,937,,,,,,26.01
460,0,80,20,0,0,0,0,0,0,0,0,0,0,0,0,1.26,8514.79,1022,,,,,,29.03
461,0,1.7,98.3,0,0,0,0,0,0,0,0,0,0,0,0,,,378,,1600,,9.6,,14.22
462,0,3,97,0,0,0,0,0,0,0,0,0,0,0,0,,,392,8.7,,,,,14.47
463,0,10,90,0,0,0,0,0,0,0,0,0,0,0,0,,,465,10,,,,,15.8
464,0,18,82,0,0,0,0,0,0,0,0,0,0,0,0,,,549,9.8,,,,,17.31
465,0,24,76,0,0,0,0,0,0,0,0,0,0,0,0,,,610,10.4,,,,,18.45
466,0,44,56,0,0,0,0,0,0,0,0,0,0,0,0,,,795,8.6,,,,,22.24
467,0,59,41,0,0,0,0,0,0,0,0,0,0,0,0,,,905,6,,,,,25.07
468,0,69,31,0,0,0,0,0,0,0,0,0,0,0,0,,,966,5.5,,,,,26.96
469,0,87,13,0,0,0,0,0,0,0,0,0,0,0,0,,,1055,5.3,,,,,30.35
470,0,95,5,0,0,0,0,0,0,0,0,0,0,0,0,,,1091,6,,,,,31.86
471,0,2,98,0,0,0,0,0,0,0,0,0,0,0,0,,,381,13.8,,,,,14.28
472,0,3,97,0,0,0,0,0,0,0,0,0,0,0,0,,,392,17,,,,,14.47
473,0,6,94,0,0,0,0,0,0,0,0,0,0,0,0,,,423,18.8,,,,,15.04
474,0,10,90,0,0,0,0,0,0,0,0,0,0,0,0,,,465,20.5,,,,,15.8
475,0,13,87,0,0,0,0,0,0,0,0,0,0,0,0,,,497,20,,,,,16.37
476,0,15,85,0,0,0,0,0,0,0,0,0,0,0,0,,,518,21.5,,,,,16.74
477,0,25,75,0,0,0,0,0,0,0,0,0,0,0,0,,,620,19.5,,,,,18.64
478,0,30,70,0,0,0,0,0,0,0,0,0,0,0,0,,,669,22.1,,,,,19.59
479,0,44,56,0,0,0,0,0,0,0,0,0,0,0,0,,,795,16.8,,,,,22.24
480,0,47,53,0,0,0,0,0,0,0,0,0,0,0,0,,,819,17.4,,,,,22.8
481,0,59,41,0,0,0,0,0,0,0,0,0,0,0,0,,,905,17.1,,,,,25.07
482,0,69,31,0,0,0,0,0,0,0,0,0,0,0,0,,,966,16.3,,,,,26.96
483,0,81,19,0,0,0,0,0,0,0,0,0,0,0,0,,,1027,15.1,,,,,29.22
484,0,88,12,0,0,0,0,0,0,0,0,0,0,0,0,,,1059,13.7,,,,,30.54
485,0,92,8,0,0,0,0,0,0,0,0,0,0,0,0,,,1078,14.2,,,,,31.29
486,0,95,5,0,0,0,0,0,0,0,0,0,0,0,0,,,1091,14.1,,,,,31.86
487,0,96,4,0,0,0,0,0,0,0,0,0,0,0,0,,,1096,12.4,,,,,32.05
488,0,0,100,0,0,0,0,0,0,0,0,0,0,0,0,,,355,8.9,,,,220,13.9
489,0,20,80,0,0,0,0,0,0,0,0,0,0,0,0,,,1022,20,,,,283,17.69
490,0,40,60,0,0,0,0,0,0,0,0,0,0,0,0,,,912,16.8,,,,420,21.48
491,0,50,50,0,0,0,0,0,0,0,0,0,0,0,0,,,842,17.4,,,,479,23.37
492,0,70,30,0,0,0,0,0,0,0,0,0,0,0,0,,,971,16.3,,,,372,27.15
493,0,85,15,0,0,0,0,0,0,0,0,0,0,0,0,,,1046,14.5,,,,336,29.97
494,0,0,100,0,0,0,0,0,0,0,0,0,0,0,0,,,355,8.9,,,,253,13.9
495,0,7,93,0,0,0,0,0,0,0,0,0,0,0,0,,,434,9.4,,,,315,15.23
496,0,27,73,0,0,0,0,0,0,0,0,0,0,0,0,,,640,19.5,,,,354,19.02
497,0,49,51,0,0,0,0,0,0,0,0,0,0,0,0,,,834,17.4,,,,462,23.18
498,0,66,34,0,0,0,0,0,0,0,0,0,0,0,0,,,949,16.3,,,,376,26.39
499,0,81,19,0,0,0,0,0,0,0,0,0,0,0,0,,,1027,15.1,,,,325,29.22
500,0,10,90,0,0,0,0,0,0,0,0,0,0,0,0,,,465,11.8,,,,,15.8
501,0,20,80,0,0,0,0,0,0,0,0,0,0,0,0,,,570,12,,,,,17.69
502,0,30,70,0,0,0,0,0,0,0,0,0,0,0,0,,,669,11.4,,,,,19.59
503,0,20,80,0,0,0,0,0,0,0,0,0,0,0,0,0.9,,597,11.3,,,,,17.69
504,25,0,75,0,0,0,0,0,0,0,0,0,0,0,0,1.26,,600,13.27,,,,,10.66
505,3.4,0,92.4,0,0,0,4.2,0,0,0,0,0,0,0,0,0.64,,,14.4,,,,,13.11
506,0,0,98.9,0,0,1.1,0,0,0,0,0,0,0,0,0,0.59,,325,17.36,,,,,13.86
507,0,0,93,0,0,7,0,0,0,0,0,0,0,0,0,0.31,,50,64.69,,,,,13.62
508,0,0,98.3,0,0,0,0,0,0,0,0,0,0,0,1.7,0.59,,330,14.36,,,,,13.8
509,0,0,96,0,0,0,0,0,0,0,0,0,0,0,4,0.5,,226,13.39,,,,,13.66
510,0,0,94,0,0,0,0,0,0,0,0,0,0,0,6,0.41,,152,21.06,,,,,13.54
511,0,0,90,0,0,0,0,0,0,0,0,0,0,0,10,0.21,,0,36.3,,,,,13.28
512,0,0,98,0,0,0,0,0,0,0,0,0,2,0,0,0.57,,290,13.14,,,,,13.79
513,0,0,95.7,0,0,0,0,0,0,0,0,0,4.3,0,0,0.51,,230,28.97,,,,,13.65
514,0,0,91.7,0,0,0,0,0,0,0,0,0,8.3,0,0,0.39,,125,27.73,,,,,13.42
515,0,0,99.6,0,0.4,0,0,0,0,0,0,0,0,0,0,0.62,,345,15.53,,,,,14.07
516,0,0,97,0,3,0,0,0,0,0,0,0,0,0,0,0.47,,190,28.32,,,,,15.16
517,0,0,95,0,5,0,0,0,0,0,0,0,0,0,0,0.36,,90,44.17,,,,,15.98
518,0,0,93.3,0,6.7,0,0,0,0,0,0,0,0,0,0,0.27,,-50,59.86,,,,,16.65
519,92.3,0,0,0,0,0,0,0,0,0,0,0,0,0,7.7,2.19,,760,,,,,,0.48
520,93.6,0,0,0,0,6.4,0,0,0,0,0,0,0,0,0,1.98,,850,,,,,,0.96
521,0,0,98.7,1.3,0,0,0,0,0,0,0,0,0,0,0,0.57,,300,19.03,,,,,17.94
522,0,0,96.6,3.4,0,0,0,0,0,0,0,0,0,0,0,0.42,,200,26.03,,,,,24.49
523,0,0,93,7,0,0,0,0,0,0,0,0,0,0,0,0.21,,0,40.69,,,,,35.8
524,0,0,97.7,0,0,0,0,2.3,0,0,0,0,0,0,0,0.68,,340,15.05,,,,,13.64
525,0,0,93.6,0,0,0,0,6.4,0,0,0,0,0,0,0,0.76,,300,19.73,,,,,13.17
526,0,0,100,0,0,0,0,0,0,0,0,0,0,0,0,0.64,,355,,,,,,13.9
527,0,10,90,0,0,0,0,0,0,0,0,0,0,0,0,0.77,,487,,,,,,15.8
528,0,19,81,0,0,0,0,0,0,0,0,0,0,0,0,0.88,,591,,,,,,17.5
529,0,25,75,0,0,0,0,0,0,0,0,0,0,0,0,,,631,,,,,,18.64
530,0,30,70,0,0,0,0,0,0,0,0,0,0,0,0,1.01,,677,,,,,,19.59
531,0,31,69,0,0,0,0,0,0,0,0,0,0,0,0,1.04,,674,,,,,,19.78
532,0,40,60,0,0,0,0,0,0,0,0,0,0,0,0,1.14,,769,,,,,,21.48
533,0,48,52,0,0,0,0,0,0,0,0,0,0,0,0,1.24,,835,,,,,,22.99
534,0,50,50,0,0,0,0,0,0,0,0,0,0,0,0,1.26,,849,,,,,,23.37
535,0,60,40,0,0,0,0,0,0,0,0,0,0,0,0,1.39,,921,,,,,,25.26
536,0,66,34,0,0,0,0,0,0,0,0,0,0,0,0,1.47,,965,,,,,,26.39
537,0,70,30,0,0,0,0,0,0,0,0,0,0,0,0,1.51,,979,,,,,,27.15
538,0,72,28,0,0,0,0,0,0,0,0,0,0,0,0,1.52,,988,,,,,,27.52
539,0,80,20,0,0,0,0,0,0,0,0,0,0,0,0,1.6,,1026,,,,,,29.03
540,0,85,15,0,0,0,0,0,0,0,0,0,0,0,0,1.65,,1048,,,,,,29.97
541,0,90,10,0,0,0,0,0,0,0,0,0,0,0,0,1.69,,1064,,,,,,30.92
542,0,95,5,0,0,0,0,0,0,0,0,0,0,0,0,,,1083,,,,,,31.86
543,0,100,0,0,0,0,0,0,0,0,0,0,0,0,0,,,1107,,,,,,32.8
544,68.6,29.4,0,2,0,0,0,0,0,0,0,0,0,0,0,2.35,1830,964,,1246,908.1,3.5,,16.99
545,68.6,29.4,0,2,0,0,0,0,0,0,0,0,0,0,0,2.34,760,964,,569,379.5,11.3,,16.99
546,58.8,39.2,0,2,0,0,0,0,0,0,0,0,0,0,0,2.31,2300,975,,1373,1246.4,5,,20.18
547,58.8,39.2,0,2,0,0,0,0,0,0,0,0,0,0,0,2.31,1300,975,,1167,1108.2,4,,20.18
548,39.2,58.8,0,2,0,0,0,0,0,0,0,0,0,0,0,2.15,2100,975,,1638,1618.1,4,,26.47
549,39.2,58.8,0,2,0,0,0,0,0,0,0,0,0,0,0,2.21,1800,975,,1256,1021.9,8.5,,26.47
550,29.4,68.6,0,2,0,0,0,0,0,0,0,0,0,0,0,2.04,1700,964,,1511,1314.1,1,,29.57
551,29.4,68.6,0,2,0,0,0,0,0,0,0,0,0,0,0,1.94,2000,964,,805,733.5,3.8,,29.57
552,30,70,0,0,0,0,0,0,0,0,0,0,0,0,0,2.14,1000,903,,1050,1006.2,4,,23.45
553,30,70,0,0,0,0,0,0,0,0,0,0,0,0,0,2.12,490,903,,579,383.4,15,,23.45
554,49.75,49.75,0,0,0,0,0,0,0.5,0,0,0,0,0,0,2.33,560,962,,324,318.7,0.5,,17.03
555,49.75,49.75,0,0,0,0,0,0,0.5,0,0,0,0,0,0,2.34,480,962,,344,276.5,5.5,,17.03
556,49.75,49.75,0,0,0,0,0,0,0.5,0,0,0,0,0,0,2.37,1000,962,,226,133.4,3,,17.03
557,49.75,49.75,0,0,0,0,0,0,0.5,0,0,0,0,0,0,2.36,1000,962,,873,458,15,,17.03
558,49.75,49.75,0,0,0,0,0,0,0.5,0,0,0,0,0,0,2.37,820,962,,393,361.9,1.2,,17.03
559,49,49,0,0,0,0,0,0,2,0,0,0,0,0,0,2.37,2500,964,,1167,1051.3,9,,16.98
560,49,49,0,0,0,0,0,0,2,0,0,0,0,0,0,2.37,1500,964,,1364,1081.7,9,,16.98
561,49,49,0,0,0,0,0,0,2,0,0,0,0,0,0,2.36,920,964,,922,556,12,,16.98
562,49,49,0,0,0,0,0,0,2,0,0,0,0,0,0,2.34,1000,964,,883,821.8,15.5,,16.98
563,49,49,0,0,0,0,0,0,2,0,0,0,0,0,0,2.37,660,964,,648,399.1,9,,16.98
564,49.75,49.75,0,0,0,0.5,0,0,0,0,0,0,0,0,0,2.35,2800,962,,1403,1295.5,6,,17.01
565,49.75,49.75,0,0,0.5,0,0,0,0,0,0,0,0,0,0,2.33,2000,962,,1668,1490.6,8.7,,17.24
566,49.75,49.75,0,0,0,0,0,0,0,0.5,0,0,0,0,0,2.33,2300,962,,1707,1537.7,7,,17.34
567,49.75,49.75,0,0,0,0,0,0,0,0,0.5,0,0,0,0,2.33,2100,962,,1638,1540.6,1,,21.54
568,49.75,49.75,0,0,0,0,0,0,0,0,0,0.5,0,0,0,2.33,2200,962,,1511,1392.5,5.8,,17.5
569,49,49,0,0,0,2,0,0,0,0,0,0,0,0,0,2.29,2400,964,,1285,1118,1.7,,16.91
570,49,49,0,0,0,0,0,0,0,2,0,0,0,0,0,2.21,2000,964,,1913,1909.4,1.7,,18.17
571,49,49,0,0,0,0,0,0,0,0,2,0,0,0,0,2.24,2800,964,,2099,1961.3,0,,34.46
572,49,49,0,0,0,0,0,0,0,0,0,2,0,0,0,2.16,3300,964,,1785,1765.2,0,,18.85
573,49,49,2,0,0,0,0,0,0,0,0,0,0,0,0,2.34,2400,964,,1638,1577.9,3.3,,16.98
574,49,49,0,0,0,0,0,0,0,2,0,0,0,0,0,2.16,2500,964,,1481,1251.3,5.6,,18.17
575,49,49,0,0,0,0,0,0,0,2,0,0,0,0,0,2.24,2200,964,,2226,2091.8,8.9,,18.17
576,49,49,0,2,0,0,0,0,0,0,0,0,0,0,0,2.22,2900,970,,1432,1167,5.6,,23.35
577,49,49,0,2,0,0,0,0,0,0,0,0,0,0,0,2.25,2000,970,,1510,1330.8,6.7,,23.35
578,49,49,0,2,0,0,0,0,0,0,0,0,0,0,0,2.23,2000,970,,1334,1264.1,4.4,,23.35
579,49,49,0,2,0,0,0,0,0,0,0,0,0,0,0,2.27,1900,970,,1510,1282.7,8.3,,23.35
580,49,49,0,2,0,0,0,0,0,0,0,0,0,0,0,2.24,2000,970,,1157,1388.7,1,,23.35
581,49,49,0,2,0,0,0,0,0,0,0,0,0,0,0,2.24,250,970,,775,605.1,9,,23.35
582,49,49,0,2,0,0,0,0,0,0,0,0,0,0,0,,,970,,990,617.8,11.5,,23.35
583,49,49,0,2,0,0,0,0,0,0,0,0,0,0,0,,,970,,686,550.2,5,,23.35
584,49,49,0,2,0,0,0,0,0,0,0,0,0,0,0,,,970,,735,581.5,7,,23.35
585,49,49,0,2,0,0,0,0,0,0,0,0,0,0,0,2.27,540,970,,608,506,6,,23.35
586,49,49,0,2,0,0,0,0,0,0,0,0,0,0,0,,,970,,1344,1333.7,2.2,,23.35
587,49,49,0,2,0,0,0,0,0,0,0,0,0,0,0,2.24,250,970,,804,572.7,8.5,,23.35
588,49,49,0,2,0,0,0,0,0,0,0,0,0,0,0,,,970,,843,556,10,,23.35
589,49,49,0,2,0,0,0,0,0,0,0,0,0,0,0,,,970,,735,470.7,5,,23.35
590,49,49,0,2,0,0,0,0,0,0,0,0,0,0,0,,,970,,667,521.7,5,,23.35
591,49,49,0,2,0,0,0,0,0,0,0,0,0,0,0,2.29,680,970,,579,436.4,3.5,,23.35
592,49,49,0,2,0,0,0,0,0,0,0,0,0,0,0,,,970,,1393,1382.7,2.8,,23.35
593,49,49,0,2,0,0,0,0,0,0,0,0,0,0,0,2.24,240,970,,883,568.8,10,,23.35
594,49,49,0,2,0,0,0,0,0,0,0,0,0,0,0,2.25,290,970,,941,531.5,11,,23.35
595,49,49,0,2,0,0,0,0,0,0,0,0,0,0,0,,,970,,716,495.2,6,,23.35
596,49,49,0,2,0,0,0,0,0,0,0,0,0,0,0,,,970,,657,495.2,5,,23.35
597,49,49,0,2,0,0,0,0,0,0,0,0,0,0,0,2.3,330,970,,598,480.5,5,,23.35
598,49,49,0,2,0,0,0,0,0,0,0,0,0,0,0,2.25,600,970,,520,433.5,3.5,,23.35
599,49,49,0,2,0,0,0,0,0,0,0,0,0,0,0,,,970,,735,588.4,12,,23.35
600,49,49,0,2,0,0,0,0,0,0,0,0,0,0,0,,,970,,794,507,13.5,,23.35
601,49,49,0,2,0,0,0,0,0,0,0,0,0,0,0,2.15,2600,970,,,,,,23.35
602,49,49,0,2,0,0,0,0,0,0,0,0,0,0,0,2.24,370,970,,,,,,23.35
603,49,49,0,2,0,0,0,0,0,0,0,0,0,0,0,2.27,1800,970,,,,,,23.35
604,49,49,0,2,0,0,0,0,0,0,0,0,0,0,0,2.29,270,970,,,,,,23.35
605,49,49,0,2,0,0,0,0,0,0,0,0,0,0,0,2.28,290,970,,,,,,23.35
606,49,49,0,2,0,0,0,0,0,0,0,0,0,0,0,2.31,280,970,,,,,,23.35
607,49,49,0,2,0,0,0,0,0,0,0,0,0,0,0,2.21,1300,970,,,,,,23.35
608,49,49,0,2,0,0,0,0,0,0,0,0,0,0,0,2.23,1700,970,,,,,,23.35
609,49,49,0,2,0,0,0,0,0,0,0,0,0,0,0,2.12,920,970,,,,,,23.35
610,49,49,0,2,0,0,0,0,0,0,0,0,0,0,0,2.28,1500,970,,,,,,23.35
611,49,49,0,2,0,0,0,0,0,0,0,0,0,0,0,2.23,600,970,,,,,,23.35
612,49,49,0,2,0,0,0,0,0,0,0,0,0,0,0,2.22,760,970,,,,,,23.35
613,100,0,0,0,0,0,0,0,0,0,0,0,0,0,0,,,768,,,,,,0.42
614,97.15,2.85,0,0,0,0,0,0,0,0,0,0,0,0,0,,,806,,,,,,1.4
615,95.25,4.75,0,0,0,0,0,0,0,0,0,0,0,0,0,,,820,,,,,,2.04
616,94.3,5.7,0,0,0,0,0,0,0,0,0,0,0,0,0,,,832,,,,,,2.37
617,91.1,8.9,0,0,0,0,0,0,0,0,0,0,0,0,0,,,851,,,,,,3.45
618,90.5,9.5,0,0,0,0,0,0,0,0,0,0,0,0,0,,,870,,,,,,3.65
619,84.7,15.3,0,0,0,0,0,0,0,0,0,0,0,0,0,,,930,,,,,,5.61
620,60,40,0,0,0,0,0,0,0,0,0,0,0,0,0,,,927,,,,,,13.79
621,4.5,0,95.5,0,0,0,0,0,0,0,0,0,0,0,0,,,410,,,,,,13.32
622,19,0,81,0,0,0,0,0,0,0,0,0,0,0,0,,,561,,,,,,11.44
623,23,0,77,0,0,0,0,0,0,0,0,0,0,0,0,,,603,,,,,,10.92
624,50,0,50,0,0,0,0,0,0,0,0,0,0,0,0,,,513,,,,,,7.33
625,20,0,80,0,0,0,0,0,0,0,0,0,0,0,0,1.12,,567,,,,,,11.31
626,19.5,0,78,0,0,0,0,2.5,0,0,0,0,0,0,0,1.15,,559,,,,,,11.09
627,19,0,76,0,0,0,0,5,0,0,0,0,0,0,0,1.15,,513,,,,,,10.86
628,18.5,0,74,0,0,0,0,7.5,0,0,0,0,0,0,0,1.13,,479,,,,,,10.63
629,18,0,72,0,0,0,0,10,0,0,0,0,0,0,0,1.07,,399,,,,,,10.41
630,40,0,60,0,0,0,0,0,0,0,0,0,0,0,0,1.57,,607,,,,,,8.67
631,39,0,58.5,0,0,0,0,2.5,0,0,0,0,0,0,0,1.49,,579,,,,,,8.51
632,38,0,57,0,0,0,0,5,0,0,0,0,0,0,0,1.42,,515,,,,,,8.34
633,37,0,55.5,0,0,0,0,7.5,0,0,0,0,0,0,0,1.32,,437,,,,,,8.18
634,36,0,54,0,0,0,0,10,0,0,0,0,0,0,0,1.2,,367,,,,,,8.01
635,60,0,40,0,0,0,0,0,0,0,0,0,0,0,0,1.9,,375,,,,,,5.98
636,58.5,0,39,0,0,0,0,2.5,0,0,0,0,0,0,0,1.7,,335,,,,,,5.88
637,57,0,38,0,0,0,0,5,0,0,0,0,0,0,0,1.54,,275,,,,,,5.78
638,55.5,0,37,0,0,0,0,7.5,0,0,0,0,0,0,0,1.32,,221,,,,,,5.67
639,54,0,36,0,0,0,0,10,0,0,0,0,0,0,0,1.03,,123,,,,,,5.57
640,100,0,0,0,0,0,0,0,0,0,0,0,0,0,0,2.2,,770,,,,,,0.42
641,98.4,0,1.6,0,0,0,0,0,0,0,0,0,0,0,0,2.22,,768,,,,,,0.65
642,97,0,3,0,0,0,0,0,0,0,0,0,0,0,0,2.24,,765,,,,,,0.85
643,95.4,0,4.6,0,0,0,0,0,0,0,0,0,0,0,0,2.25,,760,,,,,,1.07
644,93.6,0,6.4,0,0,0,0,0,0,0,0,0,0,0,0,2.27,,750,,,,,,1.33
645,90.3,0,9.7,0,0,0,0,0,0,0,0,0,0,0,0,2.27,,745,,,,,,1.79
646,90,0,10,0,0,0,0,0,0,0,0,0,0,0,0,2.26,,745,,,,,,1.83
647,88,0,12,0,0,0,0,0,0,0,0,0,0,0,0,2.28,,720,,,,,,2.11
648,81,0,19,0,0,0,0,0,0,0,0,0,0,0,0,2.23,,660,,,,,,3.09
649,76,0,24,0,0,0,0,0,0,0,0,0,0,0,0,2.18,,610,,,,,,3.78
650,69,0,31,0,0,0,0,0,0,0,0,0,0,0,0,2.03,,500,,,,,,4.75
651,68,0,32,0,0,0,0,0,0,0,0,0,0,0,0,1.94,,500,,,,,,4.88
652,69,0,31,0,0,0,0,0,0,0,0,0,0,0,0,1.26,,100,,,,,,4.75
653,68,0,32,0,0,0,0,0,0,0,0,0,0,0,0,1.62,,156,,,,,,4.88
654,65,0,35,0,0,0,0,0,0,0,0,0,0,0,0,1.78,,228,,,,,,5.29
655,64,0,36,0,0,0,0,0,0,0,0,0,0,0,0,1.84,,250,,,,,,5.43
656,59,0,41,0,0,0,0,0,0,0,0,0,0,0,0,1.87,,351,,,,,,6.11
657,50,0,50,0,0,0,0,0,0,0,0,0,0,0,0,1.73,,511,,,,,,7.33
658,40,0,60,0,0,0,0,0,0,0,0,0,0,0,0,1.53,,591,,,,,,8.67
659,20,0,80,0,0,0,0,0,0,0,0,0,0,0,0,1.11,,570,,,,,,11.31
660,0,0,100,0,0,0,0,0,0,0,0,0,0,0,0,0.65,,360,,,,,,13.9
661,21.35,70.43,8.22,0,0,0,0,0,0,0,0,0,0,0,0,1.95,,,13.81,,,,,24.61
662,27.36,62.37,10.27,0,0,0,0,0,0,0,0,0,0,0,0,2.06,,817,12.04,,,,,22.32
663,35.94,50.08,13.98,0,0,0,0,0,0,0,0,0,0,0,0,2.03,,758,8.58,,,,,18.87
664,42.72,40.45,16.83,0,0,0,0,0,0,0,0,0,0,0,0,2.05,,761,10.24,,,,,16.14
665,50.34,31.26,18.4,0,0,0,0,0,0,0,0,0,0,0,0,2.07,,759,12.63,,,,,13.37
666,57.62,20.94,21.44,0,0,0,0,0,0,0,0,0,0,0,0,2.23,,722,15.11,,,,,10.39
667,66.42,11.26,22.32,0,0,0,0,0,0,0,0,0,0,0,0,2.13,,637,21.57,,,,,7.31
668,21.35,70.43,8.22,0,0,0,0,0,0,0,0,0,0,0,0,1.98,,,13.41,,,,,24.61
669,27.36,62.37,10.27,0,0,0,0,0,0,0,0,0,0,0,0,2.01,,817,10.71,,,,,22.32
670,35.94,50.08,13.98,0,0,0,0,0,0,0,0,0,0,0,0,2.04,,736,8.57,,,,,18.87
671,42.72,40.45,16.83,0,0,0,0,0,0,0,0,0,0,0,0,2.19,,762,8.77,,,,,16.14
672,50.34,31.26,18.4,0,0,0,0,0,0,0,0,0,0,0,0,2.08,,747,11.42,,,,,13.37
673,57.62,20.94,21.44,0,0,0,0,0,0,0,0,0,0,0,0,2.16,,682,17.44,,,,,10.39
674,66.42,11.26,22.32,0,0,0,0,0,0,0,0,0,0,0,0,2.18,,622,33.57,,,,,7.31
675,21.35,70.43,8.22,0,0,0,0,0,0,0,0,0,0,0,0,1.87,,,10.66,,,,,24.61
676,27.36,62.37,10.27,0,0,0,0,0,0,0,0,0,0,0,0,2.02,,817,12.53,,,,,22.32
677,35.94,50.08,13.98,0,0,0,0,0,0,0,0,0,0,0,0,1.98,,749,17.6,,,,,18.87
678,42.72,40.45,16.83,0,0,0,0,0,0,0,0,0,0,0,0,2.05,,757,10.96,,,,,16.14
679,50.34,31.26,18.4,0,0,0,0,0,0,0,0,0,0,0,0,2.12,,771,120.57,,,,,13.37
680,57.62,20.94,21.44,0,0,0,0,0,0,0,0,0,0,0,0,2.1,,694,15.1,,,,,10.39
681,66.42,11.26,22.32,0,0,0,0,0,0,0,0,0,0,0,0,2.12,,640,22.66,,,,,7.31
682,0,65,35,0,0,0,0,0,0,0,0,0,0,0,0,1.2,2681.76,,26,,,,,26.2
683,10,50,40,0,0,0,0,0,0,0,0,0,0,0,0,1.38,763.94,,25,,,,,22.13
684,5,60,35,0,0,0,0,0,0,0,0,0,0,0,0,1.43,2626.06,,24,,,,,24.64
685,10,60,30,0,0,0,0,0,0,0,0,0,0,0,0,1.68,445.63,,23.6,,,,,24.03
686,5,70,25,0,0,0,0,0,0,0,0,0,0,0,0,1.69,795.77,,20.6,,,,,26.54
687,20,50,30,0,0,0,0,0,0,0,0,0,0,0,0,1.86,246.69,,25.5,,,,,20.88
688,15,60,25,0,0,0,0,0,0,0,0,0,0,0,0,1.85,326.27,,22.9,,,,,23.41
689,10,70,20,0,0,0,0,0,0,0,0,0,0,0,0,1.85,604.79,,24.7,,,,,25.93
690,30,40,30,0,0,0,0,0,0,0,0,0,0,0,0,2.08,986.76,,20.2,,,,,17.69
691,20,60,20,0,0,0,0,0,0,0,0,0,0,0,0,1.78,350.14,,18.7,,,,,22.79
692,10,80,10,0,0,0,0,0,0,0,0,0,0,0,0,1.79,716.2,,21.6,,,,,27.82
693,35,40,25,0,0,0,0,0,0,0,0,0,0,0,0,1.86,779.86,,16.3,,,,,17.05
694,30,50,20,0,0,0,0,0,0,0,0,0,0,0,0,2.34,875.35,,19.7,,,,,19.61
695,25,60,15,0,0,0,0,0,0,0,0,0,0,0,0,2.1,1185.7,,16.7,,,,,22.16
696,20,70,10,0,0,0,0,0,0,0,0,0,0,0,0,2.06,1320.99,,14.3,,,,,24.69
697,15,80,5,0,0,0,0,0,0,0,0,0,0,0,0,1.99,1830.28,,16,,,,,27.21
698,45,30,25,0,0,0,0,0,0,0,0,0,0,0,0,2.19,2681.76,,16.5,,,,,13.82
699,40,40,20,0,0,0,0,0,0,0,0,0,0,0,0,2.17,3087.61,,17.7,,,,,16.41
700,35,50,15,0,0,0,0,0,0,0,0,0,0,0,0,2.15,3326.34,,15.2,,,,,18.98
701,30,60,10,0,0,0,0,0,0,0,0,0,0,0,0,2.21,3390,,13.5,,,,,21.53
702,40,50,10,0,0,0,0,0,0,0,0,0,0,0,0,2.12,3843.59,,,,,,,18.34
703,100,0,0,0,0,0,0,0,0,0,0,0,0,0,0,2.15,70,771,9.7,,,,,0.42
704,49,49,0,2,0,0,0,0,0,0,0,0,0,0,0,2.4,40,970,40,,,,,23.35
705,50,0,50,0,0,0,0,0,0,0,0,0,0,0,0,1.6,8,530,7,,,,,7.33
706,16.5,0,77,0,0,1.5,5,0,0,0,0,0,0,0,0,0.6,4,405,56,,,,,11.28
707,15,0,80,0,5,0,0,0,0,0,0,0,0,0,0,0.8,0.5,566,14.9,,,,,14.11
708,65,35,0,0,0,0,0,0,0,0,0,0,0,0,0,2.45,,937,8,,,,,12.16
709,20,0,80,0,0,0,0,0,0,0,0,0,0,0,0,1.04,,570,16,,,,,11.31
710,0,100,0,0,0,0,0,0,0,0,0,0,0,0,0,1.81,,1120,6.24,,,,,32.8
711,64.5,35,0,0,0,0.5,0,0,0,0,0,0,0,0,0,,1114.08,973,,,,,,12.2
712,64.5,35,0,0,0,0.5,0,0,0,0,0,0,0,0,0,,2029.23,973,,,,,,12.2
713,64.5,35,0,0,0,0.5,0,0,0,0,0,0,0,0,0,,2546.48,973,,,,,,12.2
714,64.5,35,0,0,0,0.5,0,0,0,0,0,0,0,0,0,,3262.68,973,,,,,,12.2
715,64.5,35,0,0,0,0.5,0,0,0,0,0,0,0,0,0,,4217.61,973,,,,,,12.2
716,64.5,35,0,0,0,0.5,0,0,0,0,0,0,0,0,0,,4257.39,973,23,,,,,12.2
717,64.5,35,0,0,0,0.5,0,0,0,0,0,0,0,0,0,,3819.72,973,,,,,,12.2
718,64.5,35,0,0,0,0.5,0,0,0,0,0,0,0,0,0,,2466.9,973,,,,,,12.2
719,64.5,35,0,0,0,0.5,0,0,0,0,0,0,0,0,0,,1949.65,973,,,,,,12.2
720,100,0,0,0,0,0,0,0,0,0,0,0,0,0,0,,79.58,771,11,,,,,0.42
721,21.5,0,78.5,0,0,0,0,0,0,0,0,0,0,0,0,,3.98,,16,,,,,11.11
722,55,0,45,0,0,0,0,0,0,0,0,0,0,0,0,,23.87,,45,,,,,6.65
723,17.7,0,78.5,0,0,3.8,0,0,0,0,0,0,0,0,0,,3.98,,65,,,,,11.45
724,17.7,0,78.5,0,3.8,0,0,0,0,0,0,0,0,0,0,,3.98,,55,,,,,13.27
725,30,25,45,0,0,0,0,0,0,0,0,0,0,0,0,,95.49,,19,,,,,14.81
726,23,25,45,0,7,0,0,0,0,0,0,0,0,0,0,,51.73,,80,,,,,18.53
727,50,50,0,0,0,0,0,0,0,0,0,0,0,0,0,,79.58,961,6,,,,,17.05
728,100,0,0,0,0,0,0,0,0,0,0,0,0,0,0,,2.39,771,,,,,,0.42
729,55,0,45,0,0,0,0,0,0,0,0,0,0,0,0,,1.15,471,,,,,,6.65
730,35,0,65,0,0,0,0,0,0,0,0,0,0,0,0,,0.95,610,,,,,,9.33
731,21.5,0,78.5,0,0,0,0,0,0,0,0,0,0,0,0,,1.22,579,,,,,,11.11
732,17.7,0,78.5,0,3.8,0,0,0,0,0,0,0,0,0,0,,,579,,,,,,13.27
733,50,50,0,0,0,0,0,0,0,0,0,0,0,0,0,,15.92,961,,,,,,17.05
734,50,50,0,0,0,0,0,0,0,0,0,0,0,0,0,,,961,,,,,,17.05
735,30,25,45,0,0,0,0,0,0,0,0,0,0,0,0,,0.47,,,,,,,14.81
736,73,27,0,0,0,0,0,0,0,0,0,0,0,0,0,,31.67,958,,,,,,9.51
737,65,35,0,0,0,0,0,0,0,0,0,0,0,0,0,,19.18,973,,,,,,12.16
738,57,43,0,0,0,0,0,0,0,0,0,0,0,0,0,2.28,18.94,973,,,,,,14.77
739,57,43,0,0,0,0,0,0,0,0,0,0,0,0,0,,76.24,973,,,,,,14.77
740,49.5,50.5,0,0,0,0,0,0,0,0,0,0,0,0,0,2.38,,960,,,,,,17.21
741,48.93,50.88,0,0,0,0,0,0,0,0,0,0,0,0.19,0,2.37,,960,,,,,,17.35
742,48.83,50.78,0,0,0,0,0,0,0,0,0,0,0,0.39,0,2.37,,960,,,,,,17.34
743,48.56,50.51,0,0,0,0,0,0,0,0,0,0,0,0.93,0,2.34,,960,,,,,,17.32
744,48.92,49.41,0,0,0,0,0,0,0,0,0,0,0,1.67,0,2.29,,963,,,,,,17.05
745,47.94,49.86,0,0,0,0,0,0,0,0,0,0,0,2.2,0,2.27,,962,,,,,,17.26
746,47.7,49.6,0,0,0,0,0,0,0,0,0,0,0,2.7,0,2.25,,962,,,,,,17.23
747,48.9,50.85,0,0.25,0,0,0,0,0,0,0,0,0,0,0,2.37,,960,,,,,,18.15
748,48.54,50.96,0,0.5,0,0,0,0,0,0,0,0,0,0,0,2.34,,959,,,,,,19.01
749,49.51,49.01,0,1.48,0,0,0,0,0,0,0,0,0,0,0,2.29,,964,,,,,,21.62
750,48.05,49.97,0,1.98,0,0,0,0,0,0,0,0,0,0,0,2.27,,962,,,,,,23.59
751,47.53,49.44,0,3.03,0,0,0,0,0,0,0,0,0,0,0,2.2,,963,,,,,,26.9
752,47.03,48.91,0,4.06,0,0,0,0,0,0,0,0,0,0,0,2.15,,964,,,,,,30.16
753,49.88,49.88,0,0,0,0.24,0,0,0,0,0,0,0,0,0,2.36,,962,,,,,,17.03
754,49.74,49.75,0,0,0,0.51,0,0,0,0,0,0,0,0,0,2.35,,962,,,,,,17.01
755,49.78,49.29,0,0,0,0.93,0,0,0,0,0,0,0,0,0,2.33,,963,,,,,,16.9
756,49.54,49.04,0,0,0,1.42,0,0,0,0,0,0,0,0,0,2.28,,963,,,,,,16.87
757,48.79,49.28,0,0,0,1.93,0,0,0,0,0,0,0,0,0,2.22,,963,,,,,,16.99
758,49.78,49.29,0,0,0,0,0,0.93,0,0,0,0,0,0,0,2.38,,963,,,,,,16.83
759,49.58,49.09,0,0,0,0,0,1.33,0,0,0,0,0,0,0,2.39,,963,,,,,,16.77
760,49.36,48.87,0,0,0,0,0,1.77,0,0,0,0,0,0,0,2.4,,964,,,,,,16.71
761,48.71,48.71,0,0,0,0,0,2.58,0,0,0,0,0,0,0,2.41,,964,,,,,,16.67
762,49.65,49.15,1.2,0,0,0,0,0,0,0,0,0,0,0,0,2.38,,963,,,,,,16.93
763,49.4,48.9,1.7,0,0,0,0,0,0,0,0,0,0,0,0,2.39,,964,,,,,,16.91
764,49.41,48.43,2.16,0,0,0,0,0,0,0,0,0,0,0,0,2.39,,965,,,,,,16.82
765,48.06,47.58,4.36,0,0,0,0,0,0,0,0,0,0,0,0,2.41,,966,,,,,,16.83
766,48.46,50.4,0,0,0,0,1.14,0,0,0,0,0,0,0,0,2.35,,961,,,,,,17.22
767,49.46,48.47,0,0,0,0,2.07,0,0,0,0,0,0,0,0,2.33,,965,,,,,,16.63
768,47.05,49.41,0,0,0,0,3.54,0,0,0,0,0,0,0,0,2.3,,963,,,,,,17
769,49,49,0,2,0,0,0,0,0,0,0,0,0,0,0,,1671.13,970,,,1233,8.2,,23.35
770,49,49,0,2,0,0,0,0,0,0,0,0,0,0,0,,1535.85,970,,,,,,23.35
771,49,49,0,2,0,0,0,0,0,0,0,0,0,0,0,2.16,1400.56,970,,,1047,11.8,,23.35
772,49,49,0,2,0,0,0,0,0,0,0,0,0,0,0,,1185.7,970,,,,,,23.35
773,49,49,0,2,0,0,0,0,0,0,0,0,0,0,0,,711.83,970,,,838,14.1,,23.35
774,49,49,0,2,0,0,0,0,0,0,0,0,0,0,0,,755.99,970,,,,,,23.35
775,49,49,0,2,0,0,0,0,0,0,0,0,0,0,0,2.26,350.14,970,,,629,12.4,,23.35
776,49,49,0,2,0,0,0,0,0,0,0,0,0,0,0,,127.32,970,,,477,8.2,,23.35
777,49,49,0,2,0,0,0,0,0,0,0,0,0,0,0,,113.8,970,,,,,,23.35
778,49,49,0,2,0,0,0,0,0,0,0,0,0,0,0,,113,970,,,,,,23.35
779,49,49,0,2,0,0,0,0,0,0,0,0,0,0,0,,96.29,970,,,,,,23.35
780,49,49,0,2,0,0,0,0,0,0,0,0,0,0,0,,95.49,970,,,,,,23.35
781,49,49,0,2,0,0,0,0,0,0,0,0,0,0,0,2.3,95.49,970,,,414,7.2,,23.35
782,70.1,6.8,17.7,0,3,0,0,0,0,0,0,0,0,2.4,0,,,,,559,382,1,169,7.31
783,70.1,6.8,17.7,0,3,0,0,0,0,0,0,0,0,2.4,0,,,,,804,588,0.7,277,7.31
784,70.1,6.8,17.7,0,3,0,0,0,0,0,0,0,0,2.4,0,,,,,1040,834,0.6,293,7.31
785,70.1,6.8,17.7,0,3,0,0,0,0,0,0,0,0,2.4,0,,,,,1079,814,0.4,320,7.31
786,70.1,6.8,17.7,0,3,0,0,0,0,0,0,0,0,2.4,0,,,,,1265,1187,0.4,360,7.31
787,70.1,6.8,17.7,0,3,0,0,0,0,0,0,0,0,2.4,0,,,,,490,382,0.6,195,7.31
788,70.1,6.8,17.7,0,3,0,0,0,0,0,0,0,0,2.4,0,,,,,637,510,0.4,218,7.31
789,70.1,6.8,17.7,0,3,0,0,0,0,0,0,0,0,2.4,0,,,,,834,618,0.6,278,7.31
790,70.1,6.8,17.7,0,3,0,0,0,0,0,0,0,0,2.4,0,,,,,775,598,0.7,208,7.31
791,70.1,6.8,17.7,0,3,0,0,0,0,0,0,0,0,2.4,0,,,,,598,530,0.3,252,7.31
792,70.1,6.8,17.7,0,3,0,0,0,0,0,0,0,0,2.4,0,,,,,883,677,0.4,255,7.31
793,70.1,6.8,17.7,0,3,0,0,0,0,0,0,0,0,2.4,0,,,,,1187,990,0.5,270,7.31
794,85,0,11.6,0,1.2,0,1.8,0,0,0,0,0,0,0.4,0,,,,,863,706,4,220,2.99
795,85,0,11.6,0,1.2,0,1.8,0,0,0,0,0,0,0.4,0,,,,,863,726,4,218,2.99
796,85,0,11.6,0,1.2,0,1.8,0,0,0,0,0,0,0.4,0,,,,,863,745,3.7,220,2.99
797,85,0,11.6,0,1.2,0,1.8,0,0,0,0,0,0,0.4,0,,,,,883,755,6.4,228,2.99
798,85,0,11.6,0,1.2,0,1.8,0,0,0,0,0,0,0.4,0,,,,,912,745,2.2,232,2.99
799,85,0,11.6,0,1.2,0,1.8,0,0,0,0,0,0,0.4,0,,,,,941,775,3.2,240,2.99
800,85,0,11.6,0,1.2,0,1.8,0,0,0,0,0,0,0.4,0,,,,,990,804,4.1,265,2.99
801,85,0,11.6,0,1.2,0,1.8,0,0,0,0,0,0,0.4,0,,,,,1020,834,5.9,272,2.99
802,83.4,0,11.5,0,1.2,0,1.8,0,0,0,0,0,2.1,0,0,,,,,402,343,0.5,146,2.98
803,83.4,0,11.5,0,1.2,0,1.8,0,0,0,0,0,2.1,0,0,,,,,510,481,0.4,201,2.98
804,81.6,0,11.4,0,1.2,0,1.8,0,0,0,0,0,0,0,4,,,,,863,588,2.6,217,3
805,81.6,0,11.4,0,1.2,0,1.8,0,0,0,0,0,0,0,4,,,,,941,726,0.9,285,3
806,81.6,0,11.4,0,1.2,0,1.8,0,0,0,0,0,0,0,4,,,,,883,559,0.5,316,3
807,82.5,0,11.4,0,1.7,0,0,0,0,0,0,0,0,0.4,4,,,,,863,569,2.2,223,3.27
808,82.5,0,11.4,0,1.7,0,0,0,0,0,0,0,0,0.4,4,,,,,1079,853,2.4,275,3.27
809,82.5,0,11.4,0,1.7,0,0,0,0,0,0,0,0,0.4,4,,,,,1098,883,1.8,290,3.27
810,81.7,0,11.1,0,0,0,0,0,0,0,0,0,0,0.4,6.8,,,,,932,637,1.8,220,2.13
811,81.7,0,11.1,0,0,0,0,0,0,0,0,0,0,0.4,6.8,,,,,932,834,0.5,263,2.13
812,81.7,0,11.1,0,0,0,0,0,0,0,0,0,0,0.4,6.8,,,,,863,834,0.5,245,2.13
813,81.6,0,11.5,0,1.2,5.4,0,0,0,0,0,0,0.2,0.1,0,,,,,726,382,2.1,161,3.31
814,81.6,0,11.5,0,1.2,5.4,0,0,0,0,0,0,0.2,0.1,0,,,,,726,510,1.6,183,3.31
815,81.6,0,11.5,0,1.2,5.4,0,0,0,0,0,0,0.2,0.1,0,,,,,647,431,2.1,198,3.31
816,70.7,6.8,17.7,0,3,0,0,0,0,0,0,0,0,1.8,0,,,,,1069,834,1.3,278,7.25
817,71.3,6.8,17.7,0,3,0,0,0,0,0,0,0,0,1.2,0,,,,,1020,834,1.3,305,7.19
818,71.8,6.9,17.7,0,3,0,0,0,0,0,0,0,0,0.6,0,,,,,1147,853,2.3,338,7.16
819,72.6,6.8,17.6,0,2.4,0,0,0,0,0,0,0,0,0.6,0,,,,,1216,1049,2.9,361,6.75
820,73.3,6.8,17.5,0,1.8,0,0,0,0,0,0,0,0,0.6,0,,,,,1147,1000,3.7,352,6.36
821,74.9,6.8,14.7,0,3,0,0,0,0,0,0,0,0,0.6,0,,,,,1285,1069,2.5,361,6.73
822,76.2,6.8,14.6,0,1.8,0,0,0,0,0,0,0,0,0.6,0,,,,,1147,990,3.5,305,5.97
823,86.9,0,9.7,0,1.2,0,1.8,0,0,0,0,0,0,0.4,0,,,,,785,647,3.5,220,2.73
824,86,0,10.6,0,1.2,0,1.8,0,0,0,0,0,0,0.4,0,,,,,814,677,4.2,223,2.86
825,84,0,12.6,0,1.2,0,1.8,0,0,0,0,0,0,0.4,0,,,,,863,745,3.7,253,3.13
826,82.1,0,14.5,0,1.2,0,1.8,0,0,0,0,0,0,0.4,0,,,,,863,726,4.3,227,3.39
827,84.3,0,11.7,0,1.8,0,1.8,0,0,0,0,0,0,0.4,0,,,,,834,706,5.4,230,3.4
828,83.7,0,11.7,0,2.4,0,1.8,0,0,0,0,0,0,0.4,0,,,,,814,726,2.2,248,3.78
829,85.2,0,11.6,0,1.2,0,1.8,0,0,0,0,0,0,0.2,0,,,,,677,637,6.8,,2.98
830,85.3,0,11.6,0,1.2,0,1.8,0,0,0,0,0,0,0.1,0,,,,,853,726,5.1,223,2.97
831,82.1,0,11.4,0,1.2,0,1.3,0,0,0,0,0,0,0,4,,,,,804,775,0.3,266,2.97
832,81.2,0,11.4,0,1.2,0,2.2,0,0,0,0,0,0,0,4,,,,,912,726,0.7,283,3.03
833,82.6,0,11.4,0,1.2,0,1.8,0,0,0,0,0,0,0,3,,,,,961,834,0.9,268,2.99
834,80.9,0,11.3,0,1.2,0,1.7,0,0,0,0,0,0,0,4.9,,,,,990,922,0.5,303,3
835,83.1,0,11.3,0,0,0,1.7,0,0,0,0,0,0,0,3.9,,,,,922,804,3.6,236,2.18
836,80.3,0,14.1,0,0,0,1.7,0,0,0,0,0,0,0,3.9,,,,,961,863,3,252,2.58
837,82.7,0,11.3,0,0,0,1.7,0,0,0,0,0,0,0.4,3.9,,,,,922,804,2.8,249,2.22
838,80.7,0,11.3,0,1.7,0,0,0,0,0,0,0,0,0.4,5.9,,,,,1098,990,0.4,338,3.29
839,81.4,0,11.2,0,1.1,0,0,0,0,0,0,0,0,0.4,5.9,,,,,1098,941,0.8,282,2.88
840,82.7,0,11.1,0,0,0,0,0,0,0,0,0,0,0.4,5.8,,,,,971,863,4,263,2.11
841,83.5,0,11.2,0,0,0,0,0,0,0,0,0,0,0.4,4.9,,,,,912,804,4.5,253,2.11
842,79.8,0,14,0,0,0,0,0,0,0,0,0,0,0.4,5.8,,,,,1049,922,3.1,275,2.53
843,93.77,0,0,0,0,0,0,0,0,0,0,0,6.23,0,0,2.03,,764,,,,,,0.47
844,92.8,0,0,0,0,0,0,0,0,0,0,0,7.2,0,0,2.01,,765,,,,,,0.47
845,90,0,0,0,0,0,0,0,0,0,0,0,10,0,0,1.94,,749,,,,,,0.49
846,93.17,0,0,0,0,0,0,0,0,0,0,0,0,0,6.83,2.01,,749,,,,,,0.47
847,90.55,0,0,0,0,0,0,0,0,0,0,0,0,0,9.45,1.93,,737.5,,,,,,0.49
848,0,95.43,0,0,0,0,0,0,0,0,0,0,0,0,4.57,1.56,,957,,,,,,32.11
849,0,97.74,0,0,0,0,0,0,0,0,0,0,0,0,2.26,1.7,,1042.5,,,,,,32.46
850,0,98,0,0,0,0,0,0,0,0,0,0,2,0,0,1.74,,1048,,,,,,32.51
851,0,96.6,0,0,0,0,0,0,0,0,0,0,3.4,0,0,1.65,,994,,,,,,32.31
852,0,95.5,0,0,0,0,0,0,0,0,0,0,4.5,0,0,1.58,,964,,,,,,32.15
853,12,85,0,0,0,0,0,0,0,0,0,3,0,0,0,1.6,954.93,992,,,,,,31.06
854,12,85,0,0,0,0,0,0,0,0,0,3,0,0,0,1.64,719.38,992,,,,,,31.06
855,12,85,0,0,0,0,0,0,0,0,0,3,0,0,0,1.62,544.31,992,,,,,,31.06
856,12,85,0,0,0,0,0,0,0,0,0,3,0,0,0,1.59,1002.68,992,,,,,,31.06
857,12,85,0,0,0,0,0,0,0,0,0,3,0,0,0,1.62,736.89,992,,,,,,31.06
858,12,85,0,0,0,0,0,0,0,0,0,3,0,0,0,1.63,550.68,992,,,,,,31.06
859,12,85,0,0,0,0,0,0,0,0,0,3,0,0,0,1.57,1241.41,992,,,,,,31.06
860,12,85,0,0,0,0,0,0,0,0,0,3,0,0,0,1.6,1130,992,,,,,,31.06
861,12,85,0,0,0,0,0,0,0,0,0,3,0,0,0,1.64,875.35,992,,,,,,31.06
862,12,85,0,0,0,0,0,0,0,0,0,3,0,0,0,1.56,1323.37,992,,,,,,31.06
863,12,85,0,0,0,0,0,0,0,0,0,3,0,0,0,1.6,1266.08,992,,,,,,31.06
864,12,85,0,0,0,0,0,0,0,0,0,3,0,0,0,1.61,1220.72,992,,,,,,31.06
865,12,85,0,0,0,0,0,0,0,0,0,3,0,0,0,1.5,1297.11,992,,,,,,31.06
866,12,85,0,0,0,0,0,0,0,0,0,3,0,0,0,1.55,1462.63,992,,,,,,31.06
867,12,85,0,0,0,0,0,0,0,0,0,3,0,0,0,1.59,1597.92,992,,,,,,31.06
868,12,85,0,0,0,0,0,0,0,0,0,3,0,0,0,1.47,1262.1,992,,,,,,31.06
869,12,85,0,0,0,0,0,0,0,0,0,3,0,0,0,1.52,1414.89,992,,,,,,31.06
870,12,85,0,0,0,0,0,0,0,0,0,3,0,0,0,1.57,1634.52,992,,,,,,31.06
871,12,85,0,0,0,0,0,0,0,0,0,3,0,0,0,1.46,1124.43,992,,,,,,31.06
872,12,85,0,0,0,0,0,0,0,0,0,3,0,0,0,1.5,1211.96,992,,,,,,31.06
873,12,85,0,0,0,0,0,0,0,0,0,3,0,0,0,1.52,1452.29,992,,,,,,31.06
874,12,85,0,0,0,0,0,0,0,0,0,3,0,0,0,1.45,806.92,992,,,,,,31.06
875,12,85,0,0,0,0,0,0,0,0,0,3,0,0,0,1.5,806.92,992,,,,,,31.06
876,12,85,0,0,0,0,0,0,0,0,0,3,0,0,0,1.5,1071.91,992,,,,,,31.06
877,12,85,0,0,0,0,0,0,0,0,0,3,0,0,0,1.46,327.86,992,,,,,,31.06
878,12,85,0,0,0,0,0,0,0,0,0,3,0,0,0,1.5,327.86,992,,,,,,31.06
879,12,85,0,0,0,0,0,0,0,0,0,3,0,0,0,1.5,370.04,992,,,,,,31.06
880,0,100,0,0,0,0,0,0,0,0,0,0,0,0,0,,,1120,,852,447,16,226,32.8
881,0.5,99.5,0,0,0,0,0,0,0,0,0,0,0,0,0,,,,,885,435,23,,32.65
882,1,99,0,0,0,0,0,0,0,0,0,0,0,0,0,,,,,796,478,7,,32.49
883,1.5,98.5,0,0,0,0,0,0,0,0,0,0,0,0,0,,,,,832,424,27,,32.34
884,2,98,0,0,0,0,0,0,0,0,0,0,0,0,0,,,,,823,434,26,197,32.19
885,3,97,0,0,0,0,0,0,0,0,0,0,0,0,0,,,,,737,,36,,31.88
886,4,96,0,0,0,0,0,0,0,0,0,0,0,0,0,,,,,705,,43,177,31.57
887,5,95,0,0,0,0,0,0,0,0,0,0,0,0,0,,,,,647,272,53,163,31.26
888,6,94,0,0,0,0,0,0,0,0,0,0,0,0,0,,,,,619,239,51,163,30.95
889,7,93,0,0,0,0,0,0,0,0,0,0,0,0,0,,,,,590,222,56,137,30.64
890,8,92,0,0,0,0,0,0,0,0,0,0,0,0,0,,,,,570,214,53,133,30.34
891,9,91,0,0,0,0,0,0,0,0,0,0,0,0,0,,,,,543,216,54,,30.03
892,10,90,0,0,0,0,0,0,0,0,0,0,0,0,0,,,,,524,197,50,128,29.72
893,11,89,0,0,0,0,0,0,0,0,0,0,0,0,0,,,,,513,210,46,,29.41
894,12.5,87.5,0,0,0,0,0,0,0,0,0,0,0,0,0,,,,,492,203,46,,28.94
895,15,85,0,0,0,0,0,0,0,0,0,0,0,0,0,,,,,502,,44,124,28.16
896,86,10,4,0,0,0,0,0,0,0,0,0,0,0,0,,,771,,,,,537,4.38
897,86,10,4,0,0,0,0,0,0,0,0,0,0,0,0,,,771,,,,,471,4.38
898,54,36,10,0,0,0,0,0,0,0,0,0,0,0,0,,,946,,,,,519,13.81
899,54,36,10,0,0,0,0,0,0,0,0,0,0,0,0,,,946,,,,,452,13.81
900,41,33,26,0,0,0,0,0,0,0,0,0,0,0,0,,,,,,,,351,14.92
901,41,33,26,0,0,0,0,0,0,0,0,0,0,0,0,,,,,,,,393,14.92
902,34,28,38,0,0,0,0,0,0,0,0,0,0,0,0,,,,,,,,324,14.87
903,34,28,38,0,0,0,0,0,0,0,0,0,0,0,0,,,,,,,,332,14.87
904,19,17,64,0,0,0,0,0,0,0,0,0,0,0,0,,,355,,,,,341,14.7
905,19,17,64,0,0,0,0,0,0,0,0,0,0,0,0,,,355,,,,,341,14.7
906,22,68,10,0,0,0,0,0,0,0,0,0,0,0,0,,,1120,,,,,381,24.06
907,22,68,10,0,0,0,0,0,0,0,0,0,0,0,0,,,1120,,,,,371,24.06
908,3,93,4,0,0,0,0,0,0,0,0,0,0,0,0,,,1120,,,,,241,31.12
909,3,93,4,0,0,0,0,0,0,0,0,0,0,0,0,,,1120,,,,,241,31.12
910,100,0,0,0,0,0,0,0,0,0,0,0,0,0,0,,,771,,,,,203,0.42
911,0,100,0,0,0,0,0,0,0,0,0,0,0,0,0,,,1120,,,,,149,32.8
912,0,0,100,0,0,0,0,0,0,0,0,0,0,0,0,,,355,,,,,221,13.9
913,12,85,0,0,0,0,0,0,0,0,0,3,0,0,0,1.59,515.66,992,,,,,,31.06
914,12,85,0,0,0,0,0,0,0,0,0,3,0,0,0,1.62,427.33,992,,,,,,31.06
915,12,85,0,0,0,0,0,0,0,0,0,3,0,0,0,1.61,791.8,992,,,,,,31.06
916,12,85,0,0,0,0,0,0,0,0,0,3,0,0,0,1.65,1309.05,992,,,,,,31.06
917,12,85,0,0,0,0,0,0,0,0,0,3,0,0,0,1.6,1664.76,992,,,,,,31.06
918,12,85,0,0,0,0,0,0,0,0,0,3,0,0,0,1.63,1538.23,992,,,,,,31.06
919,12,85,0,0,0,0,0,0,0,0,0,3,0,0,0,1.62,1422.85,992,,,,,,31.06
920,12,85,0,0,0,0,0,0,0,0,0,3,0,0,0,1.6,1131.59,992,,,,,,31.06
921,12,85,0,0,0,0,0,0,0,0,0,3,0,0,0,1.59,642.19,992,,,,,,31.06
922,12,85,0,0,0,0,0,0,0,0,0,3,0,0,0,1.59,90.72,992,,,,,,31.06
923,11.5,82.5,0,0,0,0,0,0,0,0,0,0,0,6,0,1.2,,951,,,,,,28.15
924,11.5,82.5,0,0,0,0,0,0,0,0,0,0,0,6,0,1.2,756.78,951,,,,,,28.15
925,11.5,82.5,0,0,0,0,0,0,0,0,0,0,0,6,0,1.2,1514.36,951,,,,,,28.15
926,11.5,82.5,0,0,0,0,0,0,0,0,0,0,0,6,0,1.2,2580.7,951,,,,,,28.15
927,11.5,82.5,0,0,0,0,0,0,0,0,0,0,0,6,0,1.2,1418.87,951,,,,,,28.15
928,11.5,80.5,0,0,0,0,0,0,0,0,0,0,0,8,0,0.82,,953,,,,,,27.78
929,11.5,80.5,0,0,0,0,0,0,0,0,0,0,0,8,0,0.82,1559.72,953,,,,,,27.78
930,11.5,80.5,0,0,0,0,0,0,0,0,0,0,0,8,0,0.82,2228.17,953,,,,,,27.78
931,11.5,80.5,0,0,0,0,0,0,0,0,0,0,0,8,0,0.82,4695.07,953,,,,,,27.78
932,11.5,80.5,0,0,0,0,0,0,0,0,0,0,0,8,0,0.82,1536.64,953,,,,,,27.78
933,11.25,78.75,0,0,0,0,0,0,0,0,0,0,0,10,0,0.67,,938,,,,,,27.48
934,11.25,78.75,0,0,0,0,0,0,0,0,0,0,0,10,0,0.67,1909.86,938,,,,,,27.48
935,11.25,78.75,0,0,0,0,0,0,0,0,0,0,0,10,0,0.67,2228.17,938,,,,,,27.48
936,11.25,78.75,0,0,0,0,0,0,0,0,0,0,0,10,0,0.67,3798.23,938,,,,,,27.48
937,11.25,78.75,0,0,0,0,0,0,0,0,0,0,0,10,0,0.67,1536.64,938,,,,,,27.48
938,12.25,85.75,0,0,0,0,0,0,0,0,0,0,0,2,0,1.61,498.95,998,,,,,,28.65
939,12.25,85.75,0,0,0,0,0,0,0,0,0,0,0,2,0,1.61,553.86,998,,,,,,28.65
940,12.25,85.75,0,0,0,0,0,0,0,0,0,0,0,2,0,1.61,682.77,998,,,,,,28.65
941,12.25,85.75,0,0,0,0,0,0,0,0,0,0,0,2,0,1.61,442.45,998,,,,,,28.65
942,12,85,0,0,0,0,0,0,0,0,0,0,0,3,0,1.54,498.95,992,,,,,,28.55
943,12,85,0,0,0,0,0,0,0,0,0,0,0,3,0,1.54,1106.92,992,,,,,,28.55
944,12,85,0,0,0,0,0,0,0,0,0,0,0,3,0,1.54,1193.66,992,,,,,,28.55
945,12,85,0,0,0,0,0,0,0,0,0,0,0,3,0,1.54,1235.84,992,,,,,,28.55
946,12,85,0,0,0,0,0,0,0,0,0,0,0,3,0,1.54,708.24,992,,,,,,28.55
947,12,84,0,0,0,0,0,0,0,0,0,0,0,4,0,1.46,498.95,983,,,,,,28.36
948,12,84,0,0,0,0,0,0,0,0,0,0,0,4,0,1.46,1230.27,983,,,,,,28.36
949,12,84,0,0,0,0,0,0,0,0,0,0,0,4,0,1.46,1788.9,983,,,,,,28.36
950,12,84,0,0,0,0,0,0,0,0,0,0,0,4,0,1.46,1591.55,983,,,,,,28.36
951,12,84,0,0,0,0,0,0,0,0,0,0,0,4,0,1.46,704.26,983,,,,,,28.36
952,11.75,82.25,0,0,0,0,0,0,0,0,0,0,0,6,0,1.2,750.42,968,,,,,,28.07
953,11.75,82.25,0,0,0,0,0,0,0,0,0,0,0,6,0,1.2,2785.21,968,,,,,,28.07
954,11.75,82.25,0,0,0,0,0,0,0,0,0,0,0,6,0,1.2,3373.29,968,,,,,,28.07
955,11.75,82.25,0,0,0,0,0,0,0,0,0,0,0,6,0,1.2,3196.63,968,,,,,,28.07
956,11.75,82.25,0,0,0,0,0,0,0,0,0,0,0,6,0,1.2,2821.82,968,,,,,,28.07
957,11.75,82.25,0,0,0,0,0,0,0,0,0,0,0,6,0,1.2,1307.46,968,,,,,,28.07
958,48.94,48.75,0,1.9,0,0,0,0.05,0.01,0,0,0.3,0,0,0.05,2.37,,970,,,,,,23.25
959,48.94,48.75,0,1.9,0,0,0,0.05,0.01,0,0,0.3,0,0,0.05,2.4,,970,,,,,,23.25
960,48.94,48.75,0,1.9,0,0,0,0.05,0.01,0,0,0.3,0,0,0.05,2.43,,970,,,,,,23.25
961,48.94,48.75,0,1.9,0,0,0,0.05,0.01,0,0,0.3,0,0,0.05,2.4,,970,,,,,,23.25
962,49,49,0,2,0,0,0,0,0,0,0,0,0,0,0,2.13,171.49,970,,,398.9,,,23.35
963,49,49,0,2,0,0,0,0,0,0,0,0,0,0,0,2.13,144.04,970,,,399.4,,,23.35
964,49,49,0,2,0,0,0,0,0,0,0,0,0,0,0,2.13,130.51,970,,,399.9,,,23.35
965,49,49,0,2,0,0,0,0,0,0,0,0,0,0,0,2.13,116.98,970,,,348.8,,,23.35
966,49,49,0,2,0,0,0,0,0,0,0,0,0,0,0,2.13,109.82,970,,,,,,23.35
967,49,49,0,2,0,0,0,0,0,0,0,0,0,0,0,2.13,102.65,970,,,310.2,,,23.35
968,49,49,0,2,0,0,0,0,0,0,0,0,0,0,0,2.22,96.29,970,,,258,,,23.35
969,49,49,0,2,0,0,0,0,0,0,0,0,0,0,0,2.19,134.49,970,,,,,,23.35
970,49,49,0,2,0,0,0,0,0,0,0,0,0,0,0,2.18,162.34,970,,,,,,23.35
971,49,49,0,2,0,0,0,0,0,0,0,0,0,0,0,2.16,163.93,970,,,,,,23.35
972,49,49,0,2,0,0,0,0,0,0,0,0,0,0,0,2.15,163.93,970,,,,,,23.35
973,49,49,0,2,0,0,0,0,0,0,0,0,0,0,0,2.14,196.56,970,,,,,,23.35
974,49,49,0,2,0,0,0,0,0,0,0,0,0,0,0,2.13,194.96,970,,,,,,23.35
975,49,49,0,2,0,0,0,0,0,0,0,0,0,0,0,2.11,196.56,970,,,,,,23.35
976,49,49,0,2,0,0,0,0,0,0,0,0,0,0,0,2.1,196.56,970,,,,,,23.35
977,49,49,0,2,0,0,0,0,0,0,0,0,0,0,0,2.09,196.56,970,,,,,,23.35
978,49,49,0,2,0,0,0,0,0,0,0,0,0,0,0,2.07,196.56,970,,,,,,23.35
979,49,49,0,2,0,0,0,0,0,0,0,0,0,0,0,2.07,228.39,970,,,,,,23.35
980,49,49,0,2,0,0,0,0,0,0,0,0,0,0,0,2.05,215.65,970,,,,,,23.35
981,49,49,0,2,0,0,0,0,0,0,0,0,0,0,0,2.06,228.39,970,,,,,,23.35
982,49,49,0,2,0,0,0,0,0,0,0,0,0,0,0,2.13,89.13,970,,,,,,23.35
983,49,49,0,2,0,0,0,0,0,0,0,0,0,0,0,2.13,75.6,970,,,,,,23.35
984,73,27,0,0,0,0,0,0,0,0,0,0,0,0,0,2.15,,958,,,416.2,,,9.51
985,73,27,0,0,0,0,0,0,0,0,0,0,0,0,0,2.15,,958,,,378.9,,,9.51
986,73,27,0,0,0,0,0,0,0,0,0,0,0,0,0,2.15,,958,,,368.8,,,9.51
987,73,27,0,0,0,0,0,0,0,0,0,0,0,0,0,2.15,,958,,,358.5,,,9.51
988,73,27,0,0,0,0,0,0,0,0,0,0,0,0,0,2.15,,958,,,357.7,,,9.51
989,73,27,0,0,0,0,0,0,0,0,0,0,0,0,0,2.15,,958,,,337.6,,,9.51
990,48.85,48.85,0,2,0,0,0,0,0,0,0,0.3,0,0,0,2.06,159.95,970,,,,,,23.61
991,48.85,48.85,0,2,0,0,0,0,0,0,0,0.3,0,0,0,2.1,257.04,970,,,,,,23.61
992,48.85,48.85,0,2,0,0,0,0,0,0,0,0.3,0,0,0,2.1,288.07,970,,,,,,23.61
993,48.85,48.85,0,2,0,0,0,0,0,0,0,0.3,0,0,0,2.1,319.9,970,,,,,,23.61
994,48.85,48.85,0,2,0,0,0,0,0,0,0,0.3,0,0,0,2.09,352.53,970,,,,,,23.61
995,48.85,48.85,0,2,0,0,0,0,0,0,0,0.3,0,0,0,2.08,384.36,970,,,,,,23.61
996,48.85,48.85,0,2,0,0,0,0,0,0,0,0.3,0,0,0,2.07,413.8,970,,,,,,23.61
997,48.85,48.85,0,2,0,0,0,0,0,0,0,0.3,0,0,0,2.05,447.23,970,,,,,,23.61
998,48.85,48.85,0,2,0,0,0,0,0,0,0,0.3,0,0,0,2.02,445.63,970,,,,,,23.61
999,48.85,48.85,0,2,0,0,0,0,0,0,0,0.3,0,0,0,2.02,445.63,970,,,,,,23.61
1000,48.85,48.85,0,2,0,0,0,0,0,0,0,0.3,0,0,0,2,471.89,970,,,,,,23.61
1001,48.85,48.85,0,2,0,0,0,0,0,0,0,0.3,0,0,0,2.01,479.06,970,,,,,,23.61
1002,48.85,48.85,0,2,0,0,0,0,0,0,0,0.3,0,0,0,1.99,510.09,970,,,,,,23.61
1003,48.85,48.85,0,2,0,0,0,0,0,0,0,0.3,0,0,0,1.98,510.09,970,,,,,,23.61
1004,49,48.7,0,2,0,0,0,0,0,0,0,0.3,0,0,0,,286.48,,,,,,,23.56
1005,49,48.7,0,2,0,0,0,0,0,0,0,0.3,0,0,0,,230.77,,,,,,,23.56
1006,49,48.7,0,2,0,0,0,0,0,0,0,0.3,0,0,0,,175.07,,,,,,,23.56
1007,71.3,27,0.6,0,0,0.6,0,0.25,0,0,0,0,0,0,0.25,,0.0296,,29.22,,,,,9.66
1008,71.3,27,0.6,0,0,0.6,0,0.25,0,0,0,0,0,0,0.25,,0.0304,,27.9,,,,,9.66
1009,71.3,27,0.6,0,0,0.6,0,0.25,0,0,0,0,0,0,0.25,,0.0317,,22.74,,,,,9.66
1010,71.3,27,0.6,0,0,0.6,0,0.25,0,0,0,0,0,0,0.25,,0.0341,,24.5,,,,,9.66
1011,71.3,27,0.6,0,0,0.6,0,0.25,0,0,0,0,0,0,0.25,,0.0367,,25.54,,,,,9.66
1012,49.2,48.75,0,1.9,0,0,0,0.05,0,0,0,0.05,0,0,0.05,,0.0218,,56.16,,,,,22.99
1013,49.2,48.75,0,1.9,0,0,0,0.05,0,0,0,0.05,0,0,0.05,,0.0155,,54.24,,,,,22.99
1014,49.2,48.75,0,1.9,0,0,0,0.05,0,0,0,0.05,0,0,0.05,,0.0236,,42.61,,,,,22.99
1015,49.2,48.75,0,1.9,0,0,0,0.05,0,0,0,0.05,0,0,0.05,,0.0253,,40.3,,,,,22.99
1016,49.2,48.75,0,1.9,0,0,0,0.05,0,0,0,0.05,0,0,0.05,,0.0356,,37.56,,,,,22.99
1017,48.95,48.75,0,1.9,0,0,0,0.05,0,0,0,0.3,0,0,0.05,,0.0471,,37.39,,,,,23.25
1018,48.95,48.75,0,1.9,0,0,0,0.05,0,0,0,0.3,0,0,0.05,,0.0486,,36.19,,,,,23.25
1019,48.95,48.75,0,1.9,0,0,0,0.05,0,0,0,0.3,0,0,0.05,,0.0581,,37.39,,,,,23.25
1020,48.95,48.75,0,1.9,0,0,0,0.05,0,0,0,0.3,0,0,0.05,,0.0637,,36.52,,,,,23.25
1021,48.95,48.75,0,1.9,0,0,0,0.05,0,0,0,0.3,0,0,0.05,,0.0806,,35.8,,,,,23.25
1022,49,49,0,2,0,0,0,0,0,0,0,0,0,0,0,2.329,2683.46,,,,,,,23.35
1023,49,49,0,2,0,0,0,0,0,0,0,0,0,0,0,2.33,2721.6,,,,,,,23.35
1024,49,49,0,2,0,0,0,0,0,0,0,0,0,0,0,2.332,2743.3,,,,,,,23.35
1025,49,49,0,2,0,0,0,0,0,0,0,0,0,0,0,2.333,2770.48,,,,,,,23.35
1026,49,49,0,2,0,0,0,0,0,0,0,0,0,0,0,2.335,2803.15,,,,,,,23.35
1027,49,49,0,2,0,0,0,0,0,0,0,0,0,0,0,2.337,2835.8,,,1368.3,1065.4,5.1,,23.35
1028,49,49,0,2,0,0,0,0,0,0,0,0,0,0,0,2.339,2868.47,,,1348.3,1026.1,6,,23.35
1029,49,49,0,2,0,0,0,0,0,0,0,0,0,0,0,2.342,2901.12,,,1323,970.9,6.8,,23.35
1030,49,49,0,2,0,0,0,0,0,0,0,0,0,0,0,2.345,2922.83,,,1278.3,864.6,7.5,,23.35
1031,49,49,0,2,0,0,0,0,0,0,0,0,0,0,0,2.347,2944.54,,,1166.8,619.2,8,,23.35
1032,49,49,0,2,0,0,0,0,0,0,0,0,0,0,0,2.35,1542.37,,,879.2,520,8.2,,23.35
1033,49,49,0,2,0,0,0,0,0,0,0,0,0,0,0,2.353,474.25,,,797.5,461.3,8.3,,23.35
1034,49,49,0,2,0,0,0,0,0,0,0,0,0,0,0,2.356,419.29,,,756.4,418.4,8.3,,23.35
1035,49,49,0,2,0,0,0,0,0,0,0,0,0,0,0,2.358,391.71,,,734.6,387.8,8.3,,23.35
1036,49,49,0,2,0,0,0,0,0,0,0,0,0,0,0,2.361,375.08,,,719.9,360.8,8.1,,23.35
1037,49,49,0,2,0,0,0,0,0,0,0,0,0,0,0,2.363,352.98,,,706.9,340.8,7.9,,23.35
1038,49,49,0,2,0,0,0,0,0,0,0,0,0,0,0,2.366,336.35,,,697.5,327.8,7.8,,23.35
1039,49,49,0,2,0,0,0,0,0,0,0,0,0,0,0,2.369,319.72,,,691.6,320.1,7.5,,23.35
1040,49,49,0,2,0,0,0,0,0,0,0,0,0,0,0,2.372,303.09,,,685.7,314.2,7.3,,23.35
1041,49,49,0,2,0,0,0,0,0,0,0,0,0,0,0,2.374,297.42,,,681.5,304.7,7.1,,23.35
1042,49,49,0,2,0,0,0,0,0,0,0,0,0,0,0,2.378,291.74,,,675.6,300.6,6.8,,23.35
1043,49,49,0,2,0,0,0,0,0,0,0,0,0,0,0,2.38,286.07,,,669.7,298.2,6.5,,23.35
1044,49,49,0,2,0,0,0,0,0,0,0,0,0,0,0,2.383,274.92,,,,,,,23.35
1045,49,49,0,2,0,0,0,0,0,0,0,0,0,0,0,2.386,280.19,,,,,,,23.35
1046,49,49,0,2,0,0,0,0,0,0,0,0,0,0,0,2.389,274.52,,,,,,,23.35
1047,49,49,0,2,0,0,0,0,0,0,0,0,0,0,0,2.393,279.79,,,,,,,23.35
1048,49,49,0,2,0,0,0,0,0,0,0,0,0,0,0,2.396,290.55,,,,,,,23.35
1049,49,49,0,2,0,0,0,0,0,0,0,0,0,0,0,2.399,290.35,,,,,,,23.35
1050,49,49,0,2,0,0,0,0,0,0,0,0,0,0,0,2.401,284.78,,,,,,,23.35
1051,46,48,4.5,1.5,0,0,0,0,0,0,0,0,0,0,0,2.156,4342.83,,,1586.3,1537,,,21.94
1052,46,48,4.5,1.5,0,0,0,0,0,0,0,0,0,0,0,2.158,4178.33,,,1559.2,1488.8,3.8,,21.94
1053,46,48,4.5,1.5,0,0,0,0,0,0,0,0,0,0,0,2.16,4002.89,,,1535.7,1440.6,4.6,,21.94
1054,46,48,4.5,1.5,0,0,0,0,0,0,0,0,0,0,0,2.162,3800.06,,,1513.9,1390.7,5.4,,21.94
1055,46,48,4.5,1.5,0,0,0,0,0,0,0,0,0,0,0,2.165,3569.85,,,1492.2,1339,6.4,,21.94
1056,46,48,4.5,1.5,0,0,0,0,0,0,0,0,0,0,0,2.169,3295.82,,,1477.4,1290.8,7.5,,21.94
1057,46,48,4.5,1.5,0,0,0,0,0,0,0,0,0,0,0,2.174,2983.47,,,1459.2,1242.6,8.8,,21.94
1058,46,48,4.5,1.5,0,0,0,0,0,0,0,0,0,0,0,2.181,2627.3,,,1440.9,1194.5,10.3,,21.94
1059,46,48,4.5,1.5,0,0,0,0,0,0,0,0,0,0,0,2.189,2271.13,,,1426.2,1146.3,11.6,,21.94
1060,46,48,4.5,1.5,0,0,0,0,0,0,0,0,0,0,0,2.2,1980.68,,,1413.3,1103.4,12.9,,21.94
1061,46,48,4.5,1.5,0,0,0,0,0,0,0,0,0,0,0,2.211,1734.04,,,1398.5,1060.5,13.8,,21.94
1062,46,48,4.5,1.5,0,0,0,0,0,0,0,0,0,0,0,2.22,1553.12,,,1385.6,1019.4,14.5,,21.94
1063,46,48,4.5,1.5,0,0,0,0,0,0,0,0,0,0,0,2.228,1432.44,,,1374.4,980,14.9,,21.94
1064,46,48,4.5,1.5,0,0,0,0,0,0,0,0,0,0,0,2.233,1344.62,,,1363.2,945.9,15.2,,21.94
1065,46,48,4.5,1.5,0,0,0,0,0,0,0,0,0,0,0,2.236,1289.65,,,1355.5,911.8,15.5,,21.94
1066,46,48,4.5,1.5,0,0,0,0,0,0,0,0,0,0,0,2.238,1267.55,,,1353.1,879.5,16,,21.94
1067,46,48,4.5,1.5,0,0,0,0,0,0,0,0,0,0,0,2.236,1294.73,,,1354.2,847.2,16.7,,21.94
1068,46,48,4.5,1.5,0,0,0,0,0,0,0,0,0,0,0,2.233,1365.72,,,1358.8,813.1,17.6,,21.94
1069,46,48,4.5,1.5,0,0,0,0,0,0,0,0,0,0,0,2.226,1458.63,,,1367,787.8,18.4,,21.94
1070,46,48,4.5,1.5,0,0,0,0,0,0,0,0,0,0,0,2.214,1595.34,,,1376.9,760.7,19,,21.94
1071,46,48,4.5,1.5,0,0,0,0,0,0,0,0,0,0,0,2.197,1775.86,,,1386.8,737.2,19.5,,21.94
1072,46,48,4.5,1.5,0,0,0,0,0,0,0,0,0,0,0,2.176,1989.24,,,1395,713.7,19.5,,21.94
1073,46,48,4.5,1.5,0,0,0,0,0,0,0,0,0,0,0,2.15,2230.01,,,1401.4,690.1,19.3,,21.94
1074,46,48,4.5,1.5,0,0,0,0,0,0,0,0,0,0,0,2.123,2476.25,,,1406,671.9,18.8,,21.94
1075,46,48,4.5,1.5,0,0,0,0,0,0,0,0,0,0,0,2.096,2738.92,,,1412.4,653.6,18,,21.94
1076,46,48,4.5,1.5,0,0,0,0,0,0,0,0,0,0,0,2.068,2990.64,,,1411.8,633.6,17.1,,21.94
1077,46,48,4.5,1.5,0,0,0,0,0,0,0,0,0,0,0,2.041,3253.31,,,1411.2,615.4,16.2,,21.94
1078,46,48,4.5,1.5,0,0,0,0,0,0,0,0,0,0,0,2.013,3505.03,,,1408.8,595.4,15.1,,21.94
1079,46,48,4.5,1.5,0,0,0,0,0,0,0,0,0,0,0,2,3636.36,,,1410.2,586.3,14.7,,21.94
1080,51,48.4,0,0,0,0,0,0,0,0,0,0.6,0,0,0,2.34,355,,,,,,,17.17
1081,50.7,48.1,0,0,0,0,0,0,0,0,0,1.2,0,0,0,2.29,470,,,,,,,17.72
1082,50.4,47.8,0,0,0,0,0,0,0,0,0,1.8,0,0,0,2.2,665,,,,,,,18.26
1083,51,48.4,0,0,0,0,0,0,0,0,0,0.6,0,0,0,2.32,300,,,,,,,17.17
1084,50.7,48.1,0,0,0,0,0,0,0,0,0,1.2,0,0,0,2.24,425,,,,,,,17.72
1085,50.4,47.8,0,0,0,0,0,0,0,0,0,1.8,0,0,0,2.12,610,,,,,,,18.26
1086,48,48,0,4,0,0,0,0,0,0,0,0,0,0,0,2.01,990,,,,,,,29.67
1087,47,47,0,6,0,0,0,0,0,0,0,0,0,0,0,1.66,3930,,,,,,,36.03
1088,49,49,0,2,0,0,0,0,0,0,0,0,0,0,0,2.32,95,,,,,,,23.35
1089,49,49,0,2,0,0,0,0,0,0,0,0,0,0,0,2.35,90,,,,,,,23.35
1090,49.97,47,0,2.14,0,0,0,0.03,0.62,0,0,0.17,0,0,0.08,,1003.63,,,1594.9,1298.7,15.7,,23.46
1091,49.97,47,0,2.14,0,0,0,0.03,0.62,0,0,0.17,0,0,0.08,,862.26,,,1421.4,1072.8,19.4,,23.46
1092,49.97,47,0,2.14,0,0,0,0.03,0.62,0,0,0.17,0,0,0.08,,808.87,,,1327.2,900,20.3,,23.46
1093,49.97,47,0,2.14,0,0,0,0.03,0.62,0,0,0.17,0,0,0.08,,637.77,,,1217,812.7,21.6,,23.46
1094,49.97,47,0,2.14,0,0,0,0.03,0.62,0,0,0.17,0,0,0.08,,458.36,,,1179.1,638,22.4,,23.46
1095,49.97,47,0,2.14,0,0,0,0.03,0.62,0,0,0.17,0,0,0.08,,226.62,,,770.9,485.1,8.8,,23.46
1096,49.97,47,0,2.14,0,0,0,0.03,0.62,0,0,0.17,0,0,0.08,,208.91,,,826,524.1,9.2,,23.46
1097,49.97,47,0,2.14,0,0,0,0.03,0.62,0,0,0.17,0,0,0.08,,194.76,,,844.9,463.3,11.1,,23.46
1098,49.97,47,0,2.14,0,0,0,0.03,0.62,0,0,0.17,0,0,0.08,,158.02,,,814.4,516.5,9,,23.46
1099,53.85,40,0,5,0.5,0,0,0,0.15,0,0,0.5,0,0,0,,,,,,,,356,31.22
1100,53.85,40,0,5,0.5,0,0,0,0.15,0,0,0.5,0,0,0,,,,,,,,535,31.22
1101,53.85,40,0,5,0.5,0,0,0,0.15,0,0,0.5,0,0,0,,,,,,,,548,31.22
1102,53.85,40,0,5,0.5,0,0,0,0.15,0,0,0.5,0,0,0,,4718.94,,,,,,,31.22
1103,53.85,40,0,5,0.5,0,0,0,0.15,0,0,0.5,0,0,0,,4408.59,,74.72,1856,1482,8.9,560,31.22
1104,53.85,40,0,5,0.5,0,0,0,0.15,0,0,0.5,0,0,0,,3962.96,,,,,,,31.22
1105,53.85,40,0,5,0.5,0,0,0,0.15,0,0,0.5,0,0,0,,3143.31,,,,,,,31.22
1106,53.85,40,0,5,0.5,0,0,0,0.15,0,0,0.5,0,0,0,,2673.8,,,,,,538,31.22
1107,53.85,40,0,5,0.5,0,0,0,0.15,0,0,0.5,0,0,0,,,,,,,,557,31.22
1108,53.85,40,0,5,0.5,0,0,0,0.15,0,0,0.5,0,0,0,,,,,,,,542,31.22
1109,53.85,40,0,5,0.5,0,0,0,0.15,0,0,0.5,0,0,0,,,,,,,,533,31.22
1110,53.85,40,0,5,0.5,0,0,0,0.15,0,0,0.5,0,0,0,,,,,1907,1516,8.7,533,31.22
1111,53.85,40,0,5,0.5,0,0,0,0.15,0,0,0.5,0,0,0,,,,,,,,539,31.22
1112,53.85,40,0,5,0.5,0,0,0,0.15,0,0,0.5,0,0,0,,,,,,,,346,31.22
1113,53.85,40,0,5,0.5,0,0,0,0.15,0,0,0.5,0,0,0,,,,,,,,535,31.22
1114,53.85,40,0,5,0.5,0,0,0,0.15,0,0,0.5,0,0,0,,,,,,,,571,31.22
1115,53.85,40,0,5,0.5,0,0,0,0.15,0,0,0.5,0,0,0,,4106.2,,,,,,,31.22
1116,53.85,40,0,5,0.5,0,0,0,0.15,0,0,0.5,0,0,0,,3596.9,,71.47,1893,1491,10.2,589,31.22
1117,53.85,40,0,5,0.5,0,0,0,0.15,0,0,0.5,0,0,0,,3405.92,,,,,,574,31.22
1118,53.85,40,0,5,0.5,0,0,0,0.15,0,0,0.5,0,0,0,,2960.28,,,,,,,31.22
1119,53.85,40,0,5,0.5,0,0,0,0.15,0,0,0.5,0,0,0,,2729.51,,,,,,485,31.22
1120,53.85,40,0,5,0.5,0,0,0,0.15,0,0,0.5,0,0,0,,,,,,,,588,31.22
1121,53.85,40,0,5,0.5,0,0,0,0.15,0,0,0.5,0,0,0,,,,,,,,570,31.22
1122,53.85,40,0,5,0.5,0,0,0,0.15,0,0,0.5,0,0,0,,,,,,,,559,31.22
1123,53.85,40,0,5,0.5,0,0,0,0.15,0,0,0.5,0,0,0,,3111.48,,,,,,554,31.22
1124,53.85,40,0,5,0.5,0,0,0,0.15,0,0,0.5,0,0,0,,3023.94,,,,,,,31.22
1125,53.85,40,0,5,0.5,0,0,0,0.15,0,0,0.5,0,0,0,,2801.13,,,,,,,31.22
1126,53.85,40,0,5,0.5,0,0,0,0.15,0,0,0.5,0,0,0,,,,,,,,552,31.22
1127,53.85,40,0,5,0.5,0,0,0,0.15,0,0,0.5,0,0,0,,,,,1796,1320,9.9,,31.22
1128,53.85,40,0,5,0.5,0,0,0,0.15,0,0,0.5,0,0,0,,2864.79,,,,,,,31.22
1129,53.85,40,0,5,0.5,0,0,0,0.15,0,0,0.5,0,0,0,,2530.56,,,,,,,31.22
1130,70,30,0,0,0,0,0,0,0,0,0,0,0,0,0,,990,,,,,,,10.51
1131,70.5,29.5,0,0,0,0,0,0,0,0,0,0,0,0,0,,983,,,,,,,10.34
1132,69.3,30.7,0,0,0,0,0,0,0,0,0,0,0,0,0,,915,,,,,,,10.74
1133,71.3,28.7,0,0,0,0,0,0,0,0,0,0,0,0,0,,823,,,,,,,10.08
1134,71.2,28.8,0,0,0,0,0,0,0,0,0,0,0,0,0,,851,,,,,,,10.11
1135,71.5,28.5,0,0,0,0,0,0,0,0,0,0,0,0,0,,473,,,,,,,10.01
1136,71.2,28.8,0,0,0,0,0,0,0,0,0,0,0,0,0,,442,,,,,,,10.11
1137,71.5,28.5,0,0,0,0,0,0,0,0,0,0,0,0,0,,581,,,,,,,10.01
1138,71.4,28.6,0,0,0,0,0,0,0,0,0,0,0,0,0,,819,,,,,,,10.04
1139,12,88,0,0,0,0,0,0,0,0,0,0,0,0,0,1.91,1313,,,,,,,29.1
1140,27,73,0,0,0,0,0,0,0,0,0,0,0,0,0,1.98,1537,,,,,,,24.4
1141,37.4,62.6,0,0,0,0,0,0,0,0,0,0,0,0,0,2.11,974,,,,,,,21.1
1142,49,51,0,0,0,0,0,0,0,0,0,0,0,0,0,2.18,978,,,,,,,17.37
1143,56.5,43.5,0,0,0,0,0,0,0,0,0,0,0,0,0,2.33,529,,,,,,,14.94
1144,64.8,35.2,0,0,0,0,0,0,0,0,0,0,0,0,0,2.36,630,,,,,,,12.22
1145,72.5,27.5,0,0,0,0,0,0,0,0,0,0,0,0,0,2.11,555,,,,,,,9.68
1146,81.5,18.5,0,0,0,0,0,0,0,0,0,0,0,0,0,2.07,391,,,,,,,6.68
1147,89.9,10.1,0,0,0,0,0,0,0,0,0,0,0,0,0,2.03,489,,,,,,,3.86
1148,65.1,0,34.9,0,0,0,0,0,0,0,0,0,0,0,0,,,,,692,,12.9,243,5.28
1149,63.2,0,36.8,0,0,0,0,0,0,0,0,0,0,0,0,,,,,704,,15.3,241,5.54
1150,61.2,0,38.8,0,0,0,0,0,0,0,0,0,0,0,0,,,,,730,,9.1,274,5.81
1151,65.1,0,34.9,0,0,0,0,0,0,0,0,0,0,0,0,,,,,770,,9.6,260,5.28
1152,63.2,0,36.8,0,0,0,0,0,0,0,0,0,0,0,0,,,,,823,,6.9,272,5.54
1153,61.2,0,38.8,0,0,0,0,0,0,0,0,0,0,0,0,,,,,915,,4.8,328,5.81
1154,65.1,0,34.9,0,0,0,0,0,0,0,0,0,0,0,0,,,,,812,,7.7,261,5.28
1155,63.2,0,36.8,0,0,0,0,0,0,0,0,0,0,0,0,,,,,854,,7,269,5.54
1156,61.2,0,38.8,0,0,0,0,0,0,0,0,0,0,0,0,,,,,871,,2.6,281,5.81
1157,65.1,0,34.9,0,0,0,0,0,0,0,0,0,0,0,0,,,,,719,,12.5,222,5.28
1158,63.2,0,36.8,0,0,0,0,0,0,0,0,0,0,0,0,,,,,720,,9.9,246,5.54
1159,61.2,0,38.8,0,0,0,0,0,0,0,0,0,0,0,0,,,,,805,,5.8,269,5.81
1160,65.1,0,34.9,0,0,0,0,0,0,0,0,0,0,0,0,,,,,479,,29.5,139,5.28
1161,63.2,0,36.8,0,0,0,0,0,0,0,0,0,0,0,0,,,,,551,,27.7,190,5.54
1162,61.2,0,38.8,0,0,0,0,0,0,0,0,0,0,0,0,,,,,560,,23.4,173,5.81
1163,44,0,56,0,0,0,0,0,0,0,0,0,0,0,0,,,,,1870,,5.5,,8.14
1164,54,0,46,0,0,0,0,0,0,0,0,0,0,0,0,,,,,1680,,6.4,,6.79
1165,56,0,44,0,0,0,0,0,0,0,0,0,0,0,0,,,,,1650,,15.8,,6.52
1166,57,0,43,0,0,0,0,0,0,0,0,0,0,0,0,,,,,1610,,12.2,,6.38
1167,17,83,0,0,0,0,0,0,0,0,0,0,0,0,0,1.28,2466.9,,18,,,,,27.54
1168,25,75,0,0,0,0,0,0,0,0,0,0,0,0,0,1.52,2148.59,,24,,,,,25.03
1169,27,73,0,0,0,0,0,0,0,0,0,0,0,0,0,1.68,2069.01,,21,,,,,24.4
1170,31,69,0,0,0,0,0,0,0,0,0,0,0,0,0,1.98,2069.01,,27,,,,,23.13
1171,30,70,0,0,0,0,0,0,0,0,0,0,0,0,0,2.05,1909.86,,34.5,,,,,23.45
1172,32,68,0,0,0,0,0,0,0,0,0,0,0,0,0,2.1,1750.7,,36,,,,,22.82
1173,31,69,0,0,0,0,0,0,0,0,0,0,0,0,0,2.05,1591.55,,40.6,,,,,23.13
1174,0,100,0,0,0,0,0,0,0,0,0,0,0,0,0,1.72,2228.17,1107.8,9.82,,,,158,32.8
1175,8.81,59.65,31.54,0,0,0,0,0,0,0,0,0,0,0,0,1.43,1289.16,947.8,7.75,,,,125,24.11
1176,13.18,39.65,47.17,0,0,0,0,0,0,0,0,0,0,0,0,1.3,1130,835.5,8.87,,,,124,19.76
1177,17.52,19.77,62.71,0,0,0,0,0,0,0,0,0,0,0,0,1.19,851.48,694.4,10.46,,,,121,15.42
1178,21.84,0,78.16,0,0,0,0,0,0,0,0,0,0,0,0,1.04,286.48,571.4,14.76,,,,135,11.07
1179,0,100,0,0,0,0,0,0,0,0,0,0,0,0,0,1.67,2371.41,1107.8,9.09,,,,117,32.8
1180,8.81,59.65,31.54,0,0,0,0,0,0,0,0,0,0,0,0,1.46,676.41,947.8,7.54,,,,74,24.11
1181,13.18,39.65,47.17,0,0,0,0,0,0,0,0,0,0,0,0,1.34,405.85,835.5,7.72,,,,79,19.76
1182,17.52,19.77,62.71,0,0,0,0,0,0,0,0,0,0,0,0,1.17,302.39,694.4,8.68,,,,87,15.42
1183,21.84,0,78.16,0,0,0,0,0,0,0,0,0,0,0,0,1.09,63.66,571.4,12.86,,,,105,11.07
1184,30.6,69.4,0,0,0,0,0,0,0,0,0,0,0,0,0,2.14,3199.01,934,,,,,223,23.26
1185,39.8,60.2,0,0,0,0,0,0,0,0,0,0,0,0,0,2.15,4416.55,972,,,,,250,20.33
1186,55.5,44.5,0,0,0,0,0,0,0,0,0,0,0,0,0,2.26,4432.47,991,,,,,263,15.26
1187,60.3,39.7,0,0,0,0,0,0,0,0,0,0,0,0,0,2.32,3246.76,988,,,,,240,13.7
1188,70.1,29.9,0,0,0,0,0,0,0,0,0,0,0,0,0,2.55,3111.48,990,,,,,216,10.47
1189,30.1,0,69.9,0,0,0,0,0,0,0,0,0,0,0,0,1.29,437.68,603,,,,,151,9.98
1190,40.3,0,59.7,0,0,0,0,0,0,0,0,0,0,0,0,1.38,358.1,608,,,,,157,8.63
1191,55,0,45,0,0,0,0,0,0,0,0,0,0,0,0,1.69,389.93,580,,,,,140,6.65
1192,59.9,0,40.1,0,0,0,0,0,0,0,0,0,0,0,0,1.72,493.38,558,,,,,142,5.99
1193,70.2,0,29.8,0,0,0,0,0,0,0,0,0,0,0,0,1.73,628.66,397,,,,,122,4.58
1194,49.5,0,49.4,0,0,0,0.4,0.3,0,0,0,0,0,0,0.4,,200,,,,,,275,7.29
1195,49.5,0,49.4,0,0,0,0.4,0.3,0,0,0,0,0,0,0.4,,100,,,,,,190,7.29
1196,18.6,0,76.8,4.6,0,0,0,0,0,0,0,0,0,0,0,0.78,477.46,,,,,,,25.95
1197,20.2,0,76.7,0,3.1,0,0,0,0,0,0,0,0,0,0,0.9,389.93,,,,,,,12.65
1198,70,0,30,0,0,0,0,0,0,0,0,0,0,0,0,1.23,30,,,,,,,4.61
1199,70,0,30,0,0,0,0,0,0,0,0,0,0,0,0,1.7,26,,,,,,,4.61
1200,70,0,30,0,0,0,0,0,0,0,0,0,0,0,0,1.29,19,,,,,,,4.61
1201,70,0,30,0,0,0,0,0,0,0,0,0,0,0,0,1.56,21,,,,,,,4.61
1202,49.25,49.25,0,1.5,0,0,0,0,0,0,0,0,0,0,0,2.23,1013,,,,,,,21.77
1203,49.25,49.25,0,1.5,0,0,0,0,0,0,0,0,0,0,0,2.24,966,,,,,,,21.77
1204,49.25,49.25,0,1.5,0,0,0,0,0,0,0,0,0,0,0,2.21,1066,,,,,,,21.77
1205,49.25,49.25,0,1.5,0,0,0,0,0,0,0,0,0,0,0,2.3,383,,,,,,,21.77
1206,49.25,49.25,0,1.5,0,0,0,0,0,0,0,0,0,0,0,2.28,351,,,,,,,21.77
1207,49.25,49.25,0,1.5,0,0,0,0,0,0,0,0,0,0,0,2.26,439,,,,,,,21.77
